timestamp,ax,ay,az,wx,wy,wz
0.00,0.10,0.05,9.81,0.01,-0.02,0.03
timestamp,ax,ay,az,wx,wy,wz
0.01,0.10,0.05,9.81,0.01,-0.02,0.03
timestamp,ax,ay,az,wx,wy,wz
0.02,0.10,0.05,9.81,0.01,-0.02,0.03
timestamp,ax,ay,az,wx,wy,wz
0.03,0.10,0.05,9.81,0.01,-0.02,0.03
timestamp,ax,ay,az,wx,wy,wz
0.04,0.10,0.05,9.81,0.01,-0.02,0.03
timestamp,ax,ay,az,wx,wy,wz
0.05,0.10,0.05,9.81,0.01,-0.02,0.03
timestamp,ax,ay,az,wx,wy,wz
0.06,0.10,0.05,9.81,0.01,-0.02,0.03
timestamp,ax,ay,az,wx,wy,wz
0.07,0.10,0.05,9.81,0.01,-0.02,0.03
timestamp,ax,ay,az,wx,wy,wz
0.08,0.10,0.05,9.81,0.01,-0.02,0.03
timestamp,ax,ay,az,wx,wy,wz
0.09,0.10,0.05,9.81,0.01,-0.02,0.03
timestamp,ax,ay,az,wx,wy,wz
0.10,0.10,0.05,9.81,0.01,-0.02,0.03
timestamp,ax,ay,az,wx,wy,wz
0.11,0.10,0.05,9.81,0.01,-0.02,0.03
timestamp,ax,ay,az,wx,wy,wz
0.12,0.10,0.05,9.81,0.01,-0.02,0.03
timestamp,ax,ay,az,wx,wy,wz
0.13,0.10,0.05,9.81,0.01,-0.02,0.03
timestamp,ax,ay,az,wx,wy,wz
0.14,0.10,0.05,9.81,0.01,-0.02,0.03
timestamp,ax,ay,az,wx,wy,wz
0.15,0.10,0.05,9.81,0.01,-0.02,0.03
timestamp,ax,ay,az,wx,wy,wz
0.16,0.10,0.05,9.81,0.01,-0.02,0.03
timestamp,ax,ay,az,wx,wy,wz
0.17,0.10,0.05,9.81,0.01,-0.02,0.03
timestamp,ax,ay,az,wx,wy,wz
0.18,0.10,0.05,9.81,0.01,-0.02,0.03
timestamp,ax,ay,az,wx,wy,wz
0.19,0.10,0.05,9.81,0.01,-0.02,0.03
timestamp,ax,ay,az,wx,wy,wz
0.20,0.10,0.05,9.81,0.01,-0.02,0.03
timestamp,ax,ay,az,wx,wy,wz
0.21,0.10,0.05,9.81,0.01,-0.02,0.03
timestamp,ax,ay,az,wx,wy,wz
0.22,0.10,0.05,9.81,0.01,-0.02,0.03
timestamp,ax,ay,az,wx,wy,wz
0.23,0.10,0.05,9.81,0.01,-0.02,0.03
timestamp,ax,ay,az,wx,wy,wz
0.24,0.10,0.05,9.81,0.01,-0.02,0.03
timestamp,ax,ay,az,wx,wy,wz
0.25,0.10,0.05,9.81,0.01,-0.02,0.03
timestamp,ax,ay,az,wx,wy,wz
0.26,0.10,0.05,9.81,0.01,-0.02,0.03
timestamp,ax,ay,az,wx,wy,wz
0.27,0.10,0.05,9.81,0.01,-0.02,0.03
timestamp,ax,ay,az,wx,wy,wz
0.28,0.10,0.05,9.81,0.01,-0.02,0.03
timestamp,ax,ay,az,wx,wy,wz
0.29,0.10,0.05,9.81,0.01,-0.02,0.03
timestamp,ax,ay,az,wx,wy,wz
0.30,0.10,0.05,9.81,0.01,-0.02,0.03
timestamp,ax,ay,az,wx,wy,wz
0.31,0.10,0.05,9.81,0.01,-0.02,0.03
timestamp,ax,ay,az,wx,wy,wz
0.32,0.10,0.05,9.81,0.01,-0.02,0.03
timestamp,ax,ay,az,wx,wy,wz
0.33,0.10,0.05,9.81,0.01,-0.02,0.03
timestamp,ax,ay,az,wx,wy,wz
0.34,0.10,0.05,9.81,0.01,-0.02,0.03
timestamp,ax,ay,az,wx,wy,wz
0.35,0.10,0.05,9.81,0.01,-0.02,0.03
timestamp,ax,ay,az,wx,wy,wz
0.36,0.10,0.05,9.81,0.01,-0.02,0.03
timestamp,ax,ay,az,wx,wy,wz
0.37,0.10,0.05,9.81,0.01,-0.02,0.03
timestamp,ax,ay,az,wx,wy,wz
0.38,0.10,0.05,9.81,0.01,-0.02,0.03
timestamp,ax,ay,az,wx,wy,wz
0.39,0.10,0.05,9.81,0.01,-0.02,0.03
timestamp,ax,ay,az,wx,wy,wz
0.40,0.10,0.05,9.81,0.01,-0.02,0.03
timestamp,ax,ay,az,wx,wy,wz
0.41,0.10,0.05,9.81,0.01,-0.02,0.03
timestamp,ax,ay,az,wx,wy,wz
0.42,0.10,0.05,9.81,0.01,-0.02,0.03
timestamp,ax,ay,az,wx,wy,wz
0.43,0.10,0.05,9.81,0.01,-0.02,0.03
timestamp,ax,ay,az,wx,wy,wz
0.44,0.10,0.05,9.81,0.01,-0.02,0.03
timestamp,ax,ay,az,wx,wy,wz
0.45,0.10,0.05,9.81,0.01,-0.02,0.03
timestamp,ax,ay,az,wx,wy,wz
0.46,0.10,0.05,9.81,0.01,-0.02,0.03
timestamp,ax,ay,az,wx,wy,wz
0.47,0.10,0.05,9.81,0.01,-0.02,0.03
timestamp,ax,ay,az,wx,wy,wz
0.48,0.10,0.05,9.81,0.01,-0.02,0.03
timestamp,ax,ay,az,wx,wy,wz
0.49,0.10,0.05,9.81,0.01,-0.02,0.03
timestamp,ax,ay,az,wx,wy,wz
0.50,0.10,0.05,9.81,0.01,-0.02,0.03
timestamp,ax,ay,az,wx,wy,wz
0.51,0.10,0.05,9.81,0.01,-0.02,0.03
timestamp,ax,ay,az,wx,wy,wz
0.52,0.10,0.05,9.81,0.01,-0.02,0.03
timestamp,ax,ay,az,wx,wy,wz
0.53,0.10,0.05,9.81,0.01,-0.02,0.03
timestamp,ax,ay,az,wx,wy,wz
0.54,0.10,0.05,9.81,0.01,-0.02,0.03
timestamp,ax,ay,az,wx,wy,wz
0.55,0.10,0.05,9.81,0.01,-0.02,0.03
timestamp,ax,ay,az,wx,wy,wz
0.56,0.10,0.05,9.81,0.01,-0.02,0.03
timestamp,ax,ay,az,wx,wy,wz
0.57,0.10,0.05,9.81,0.01,-0.02,0.03
timestamp,ax,ay,az,wx,wy,wz
0.58,0.10,0.05,9.81,0.01,-0.02,0.03
timestamp,ax,ay,az,wx,wy,wz
0.59,0.10,0.05,9.81,0.01,-0.02,0.03
timestamp,ax,ay,az,wx,wy,wz
0.60,0.10,0.05,9.81,0.01,-0.02,0.03
timestamp,ax,ay,az,wx,wy,wz
0.61,0.10,0.05,9.81,0.01,-0.02,0.03
timestamp,ax,ay,az,wx,wy,wz
0.62,0.10,0.05,9.81,0.01,-0.02,0.03
timestamp,ax,ay,az,wx,wy,wz
0.63,0.10,0.05,9.81,0.01,-0.02,0.03
timestamp,ax,ay,az,wx,wy,wz
0.64,0.10,0.05,9.81,0.01,-0.02,0.03
timestamp,ax,ay,az,wx,wy,wz
0.65,0.10,0.05,9.81,0.01,-0.02,0.03
timestamp,ax,ay,az,wx,wy,wz
0.66,0.10,0.05,9.81,0.01,-0.02,0.03
timestamp,ax,ay,az,wx,wy,wz
0.67,0.10,0.05,9.81,0.01,-0.02,0.03
timestamp,ax,ay,az,wx,wy,wz
0.68,0.10,0.05,9.81,0.01,-0.02,0.03
timestamp,ax,ay,az,wx,wy,wz
0.69,0.10,0.05,9.81,0.01,-0.02,0.03
timestamp,ax,ay,az,wx,wy,wz
0.70,0.10,0.05,9.81,0.01,-0.02,0.03
timestamp,ax,ay,az,wx,wy,wz
0.71,0.10,0.05,9.81,0.01,-0.02,0.03
timestamp,ax,ay,az,wx,wy,wz
0.72,0.10,0.05,9.81,0.01,-0.02,0.03
timestamp,ax,ay,az,wx,wy,wz
0.73,0.10,0.05,9.81,0.01,-0.02,0.03
timestamp,ax,ay,az,wx,wy,wz
0.74,0.10,0.05,9.81,0.01,-0.02,0.03
timestamp,ax,ay,az,wx,wy,wz
0.75,0.10,0.05,9.81,0.01,-0.02,0.03
timestamp,ax,ay,az,wx,wy,wz
0.76,0.10,0.05,9.81,0.01,-0.02,0.03
timestamp,ax,ay,az,wx,wy,wz
0.77,0.10,0.05,9.81,0.01,-0.02,0.03
timestamp,ax,ay,az,wx,wy,wz
0.78,0.10,0.05,9.81,0.01,-0.02,0.03
timestamp,ax,ay,az,wx,wy,wz
0.79,0.10,0.05,9.81,0.01,-0.02,0.03
timestamp,ax,ay,az,wx,wy,wz
0.80,0.10,0.05,9.81,0.01,-0.02,0.03
timestamp,ax,ay,az,wx,wy,wz
0.81,0.10,0.05,9.81,0.01,-0.02,0.03
timestamp,ax,ay,az,wx,wy,wz
0.82,0.10,0.05,9.81,0.01,-0.02,0.03
timestamp,ax,ay,az,wx,wy,wz
0.83,0.10,0.05,9.81,0.01,-0.02,0.03
timestamp,ax,ay,az,wx,wy,wz
0.84,0.10,0.05,9.81,0.01,-0.02,0.03
timestamp,ax,ay,az,wx,wy,wz
0.85,0.10,0.05,9.81,0.01,-0.02,0.03
timestamp,ax,ay,az,wx,wy,wz
0.86,0.10,0.05,9.81,0.01,-0.02,0.03
timestamp,ax,ay,az,wx,wy,wz
0.87,0.10,0.05,9.81,0.01,-0.02,0.03
timestamp,ax,ay,az,wx,wy,wz
0.88,0.10,0.05,9.81,0.01,-0.02,0.03
timestamp,ax,ay,az,wx,wy,wz
0.89,0.10,0.05,9.81,0.01,-0.02,0.03
timestamp,ax,ay,az,wx,wy,wz
0.90,0.10,0.05,9.81,0.01,-0.02,0.03
timestamp,ax,ay,az,wx,wy,wz
0.91,0.10,0.05,9.81,0.01,-0.02,0.03
timestamp,ax,ay,az,wx,wy,wz
0.92,0.10,0.05,9.81,0.01,-0.02,0.03
timestamp,ax,ay,az,wx,wy,wz
0.93,0.10,0.05,9.81,0.01,-0.02,0.03
timestamp,ax,ay,az,wx,wy,wz
0.94,0.10,0.05,9.81,0.01,-0.02,0.03
timestamp,ax,ay,az,wx,wy,wz
0.95,0.10,0.05,9.81,0.01,-0.02,0.03
timestamp,ax,ay,az,wx,wy,wz
0.96,0.10,0.05,9.81,0.01,-0.02,0.03
timestamp,ax,ay,az,wx,wy,wz
0.97,0.10,0.05,9.81,0.01,-0.02,0.03
timestamp,ax,ay,az,wx,wy,wz
0.98,0.10,0.05,9.81,0.01,-0.02,0.03
timestamp,ax,ay,az,wx,wy,wz
0.99,0.10,0.05,9.81,0.01,-0.02,0.03
timestamp,ax,ay,az,wx,wy,wz
1.00,0.10,0.05,9.81,0.01,-0.02,0.03
timestamp,ax,ay,az,wx,wy,wz
1.01,0.10,0.05,9.81,0.01,-0.02,0.03
timestamp,ax,ay,az,wx,wy,wz
1.02,0.10,0.05,9.81,0.01,-0.02,0.03
timestamp,ax,ay,az,wx,wy,wz
1.03,0.10,0.05,9.81,0.01,-0.02,0.03
timestamp,ax,ay,az,wx,wy,wz
1.04,0.10,0.05,9.81,0.01,-0.02,0.03
timestamp,ax,ay,az,wx,wy,wz
1.05,0.10,0.05,9.81,0.01,-0.02,0.03
timestamp,ax,ay,az,wx,wy,wz
1.06,0.10,0.05,9.81,0.01,-0.02,0.03
timestamp,ax,ay,az,wx,wy,wz
1.07,0.10,0.05,9.81,0.01,-0.02,0.03
timestamp,ax,ay,az,wx,wy,wz
1.08,0.10,0.05,9.81,0.01,-0.02,0.03
timestamp,ax,ay,az,wx,wy,wz
1.09,0.10,0.05,9.81,0.01,-0.02,0.03
timestamp,ax,ay,az,wx,wy,wz
1.10,0.10,0.05,9.81,0.01,-0.02,0.03
timestamp,ax,ay,az,wx,wy,wz
1.11,0.10,0.05,9.81,0.01,-0.02,0.03
timestamp,ax,ay,az,wx,wy,wz
1.12,0.10,0.05,9.81,0.01,-0.02,0.03
timestamp,ax,ay,az,wx,wy,wz
1.13,0.10,0.05,9.81,0.01,-0.02,0.03
timestamp,ax,ay,az,wx,wy,wz
1.14,0.10,0.05,9.81,0.01,-0.02,0.03
timestamp,ax,ay,az,wx,wy,wz
1.15,0.10,0.05,9.81,0.01,-0.02,0.03
timestamp,ax,ay,az,wx,wy,wz
1.16,0.10,0.05,9.81,0.01,-0.02,0.03
timestamp,ax,ay,az,wx,wy,wz
1.17,0.10,0.05,9.81,0.01,-0.02,0.03
timestamp,ax,ay,az,wx,wy,wz
1.18,0.10,0.05,9.81,0.01,-0.02,0.03
timestamp,ax,ay,az,wx,wy,wz
1.19,0.10,0.05,9.81,0.01,-0.02,0.03
timestamp,ax,ay,az,wx,wy,wz
1.20,0.10,0.05,9.81,0.01,-0.02,0.03
timestamp,ax,ay,az,wx,wy,wz
1.21,0.10,0.05,9.81,0.01,-0.02,0.03
timestamp,ax,ay,az,wx,wy,wz
1.22,0.10,0.05,9.81,0.01,-0.02,0.03
timestamp,ax,ay,az,wx,wy,wz
1.23,0.10,0.05,9.81,0.01,-0.02,0.03
timestamp,ax,ay,az,wx,wy,wz
1.24,0.10,0.05,9.81,0.01,-0.02,0.03
timestamp,ax,ay,az,wx,wy,wz
1.25,0.10,0.05,9.81,0.01,-0.02,0.03
timestamp,ax,ay,az,wx,wy,wz
1.26,0.10,0.05,9.81,0.01,-0.02,0.03
timestamp,ax,ay,az,wx,wy,wz
1.27,0.10,0.05,9.81,0.01,-0.02,0.03
timestamp,ax,ay,az,wx,wy,wz
1.28,0.10,0.05,9.81,0.01,-0.02,0.03
timestamp,ax,ay,az,wx,wy,wz
1.29,0.10,0.05,9.81,0.01,-0.02,0.03
timestamp,ax,ay,az,wx,wy,wz
1.30,0.10,0.05,9.81,0.01,-0.02,0.03
timestamp,ax,ay,az,wx,wy,wz
1.31,0.10,0.05,9.81,0.01,-0.02,0.03
timestamp,ax,ay,az,wx,wy,wz
1.32,0.10,0.05,9.81,0.01,-0.02,0.03
timestamp,ax,ay,az,wx,wy,wz
1.33,0.10,0.05,9.81,0.01,-0.02,0.03
timestamp,ax,ay,az,wx,wy,wz
1.34,0.10,0.05,9.81,0.01,-0.02,0.03
timestamp,ax,ay,az,wx,wy,wz
1.35,0.10,0.05,9.81,0.01,-0.02,0.03
timestamp,ax,ay,az,wx,wy,wz
1.36,0.10,0.05,9.81,0.01,-0.02,0.03
timestamp,ax,ay,az,wx,wy,wz
1.37,0.10,0.05,9.81,0.01,-0.02,0.03
timestamp,ax,ay,az,wx,wy,wz
1.38,0.10,0.05,9.81,0.01,-0.02,0.03
timestamp,ax,ay,az,wx,wy,wz
1.39,0.10,0.05,9.81,0.01,-0.02,0.03
timestamp,ax,ay,az,wx,wy,wz
1.40,0.10,0.05,9.81,0.01,-0.02,0.03
timestamp,ax,ay,az,wx,wy,wz
1.41,0.10,0.05,9.81,0.01,-0.02,0.03
timestamp,ax,ay,az,wx,wy,wz
1.42,0.10,0.05,9.81,0.01,-0.02,0.03
timestamp,ax,ay,az,wx,wy,wz
1.43,0.10,0.05,9.81,0.01,-0.02,0.03
timestamp,ax,ay,az,wx,wy,wz
1.44,0.10,0.05,9.81,0.01,-0.02,0.03
timestamp,ax,ay,az,wx,wy,wz
1.45,0.10,0.05,9.81,0.01,-0.02,0.03
timestamp,ax,ay,az,wx,wy,wz
1.46,0.10,0.05,9.81,0.01,-0.02,0.03
timestamp,ax,ay,az,wx,wy,wz
1.47,0.10,0.05,9.81,0.01,-0.02,0.03
timestamp,ax,ay,az,wx,wy,wz
1.48,0.10,0.05,9.81,0.01,-0.02,0.03
timestamp,ax,ay,az,wx,wy,wz
1.49,0.10,0.05,9.81,0.01,-0.02,0.03
timestamp,ax,ay,az,wx,wy,wz
1.50,0.10,0.05,9.81,0.01,-0.02,0.03
timestamp,ax,ay,az,wx,wy,wz
1.51,0.10,0.05,9.81,0.01,-0.02,0.03
timestamp,ax,ay,az,wx,wy,wz
1.52,0.10,0.05,9.81,0.01,-0.02,0.03
timestamp,ax,ay,az,wx,wy,wz
1.53,0.10,0.05,9.81,0.01,-0.02,0.03
timestamp,ax,ay,az,wx,wy,wz
1.54,0.10,0.05,9.81,0.01,-0.02,0.03
timestamp,ax,ay,az,wx,wy,wz
1.55,0.10,0.05,9.81,0.01,-0.02,0.03
timestamp,ax,ay,az,wx,wy,wz
1.56,0.10,0.05,9.81,0.01,-0.02,0.03
timestamp,ax,ay,az,wx,wy,wz
1.57,0.10,0.05,9.81,0.01,-0.02,0.03
timestamp,ax,ay,az,wx,wy,wz
1.58,0.10,0.05,9.81,0.01,-0.02,0.03
timestamp,ax,ay,az,wx,wy,wz
1.59,0.10,0.05,9.81,0.01,-0.02,0.03
timestamp,ax,ay,az,wx,wy,wz
1.60,0.10,0.05,9.81,0.01,-0.02,0.03
timestamp,ax,ay,az,wx,wy,wz
1.61,0.10,0.05,9.81,0.01,-0.02,0.03
timestamp,ax,ay,az,wx,wy,wz
1.62,0.10,0.05,9.81,0.01,-0.02,0.03
timestamp,ax,ay,az,wx,wy,wz
1.63,0.10,0.05,9.81,0.01,-0.02,0.03
timestamp,ax,ay,az,wx,wy,wz
1.64,0.10,0.05,9.81,0.01,-0.02,0.03
timestamp,ax,ay,az,wx,wy,wz
1.65,0.10,0.05,9.81,0.01,-0.02,0.03
timestamp,ax,ay,az,wx,wy,wz
1.66,0.10,0.05,9.81,0.01,-0.02,0.03
timestamp,ax,ay,az,wx,wy,wz
1.67,0.10,0.05,9.81,0.01,-0.02,0.03
timestamp,ax,ay,az,wx,wy,wz
1.68,0.10,0.05,9.81,0.01,-0.02,0.03
timestamp,ax,ay,az,wx,wy,wz
1.69,0.10,0.05,9.81,0.01,-0.02,0.03
timestamp,ax,ay,az,wx,wy,wz
1.70,0.10,0.05,9.81,0.01,-0.02,0.03
timestamp,ax,ay,az,wx,wy,wz
1.71,0.10,0.05,9.81,0.01,-0.02,0.03
timestamp,ax,ay,az,wx,wy,wz
1.72,0.10,0.05,9.81,0.01,-0.02,0.03
timestamp,ax,ay,az,wx,wy,wz
1.73,0.10,0.05,9.81,0.01,-0.02,0.03
timestamp,ax,ay,az,wx,wy,wz
1.74,0.10,0.05,9.81,0.01,-0.02,0.03
timestamp,ax,ay,az,wx,wy,wz
1.75,0.10,0.05,9.81,0.01,-0.02,0.03
timestamp,ax,ay,az,wx,wy,wz
1.76,0.10,0.05,9.81,0.01,-0.02,0.03
timestamp,ax,ay,az,wx,wy,wz
1.77,0.10,0.05,9.81,0.01,-0.02,0.03
timestamp,ax,ay,az,wx,wy,wz
1.78,0.10,0.05,9.81,0.01,-0.02,0.03
timestamp,ax,ay,az,wx,wy,wz
1.79,0.10,0.05,9.81,0.01,-0.02,0.03
timestamp,ax,ay,az,wx,wy,wz
1.80,0.10,0.05,9.81,0.01,-0.02,0.03
timestamp,ax,ay,az,wx,wy,wz
1.81,0.10,0.05,9.81,0.01,-0.02,0.03
timestamp,ax,ay,az,wx,wy,wz
1.82,0.10,0.05,9.81,0.01,-0.02,0.03
timestamp,ax,ay,az,wx,wy,wz
1.83,0.10,0.05,9.81,0.01,-0.02,0.03
timestamp,ax,ay,az,wx,wy,wz
1.84,0.10,0.05,9.81,0.01,-0.02,0.03
timestamp,ax,ay,az,wx,wy,wz
1.85,0.10,0.05,9.81,0.01,-0.02,0.03
timestamp,ax,ay,az,wx,wy,wz
1.86,0.10,0.05,9.81,0.01,-0.02,0.03
timestamp,ax,ay,az,wx,wy,wz
1.87,0.10,0.05,9.81,0.01,-0.02,0.03
timestamp,ax,ay,az,wx,wy,wz
1.88,0.10,0.05,9.81,0.01,-0.02,0.03
timestamp,ax,ay,az,wx,wy,wz
1.89,0.10,0.05,9.81,0.01,-0.02,0.03
timestamp,ax,ay,az,wx,wy,wz
1.90,0.10,0.05,9.81,0.01,-0.02,0.03
timestamp,ax,ay,az,wx,wy,wz
1.91,0.10,0.05,9.81,0.01,-0.02,0.03
timestamp,ax,ay,az,wx,wy,wz
1.92,0.10,0.05,9.81,0.01,-0.02,0.03
timestamp,ax,ay,az,wx,wy,wz
1.93,0.10,0.05,9.81,0.01,-0.02,0.03
timestamp,ax,ay,az,wx,wy,wz
1.94,0.10,0.05,9.81,0.01,-0.02,0.03
timestamp,ax,ay,az,wx,wy,wz
1.95,0.10,0.05,9.81,0.01,-0.02,0.03
timestamp,ax,ay,az,wx,wy,wz
1.96,0.10,0.05,9.81,0.01,-0.02,0.03
timestamp,ax,ay,az,wx,wy,wz
1.97,0.10,0.05,9.81,0.01,-0.02,0.03
timestamp,ax,ay,az,wx,wy,wz
1.98,0.10,0.05,9.81,0.01,-0.02,0.03
timestamp,ax,ay,az,wx,wy,wz
1.99,0.10,0.05,9.81,0.01,-0.02,0.03
timestamp,ax,ay,az,wx,wy,wz
2.00,0.10,0.05,9.81,0.01,-0.02,0.03
timestamp,ax,ay,az,wx,wy,wz
2.01,0.10,0.05,9.81,0.01,-0.02,0.03
timestamp,ax,ay,az,wx,wy,wz
2.02,0.10,0.05,9.81,0.01,-0.02,0.03
timestamp,ax,ay,az,wx,wy,wz
2.03,0.10,0.05,9.81,0.01,-0.02,0.03
timestamp,ax,ay,az,wx,wy,wz
2.04,0.10,0.05,9.81,0.01,-0.02,0.03
timestamp,ax,ay,az,wx,wy,wz
2.05,0.10,0.05,9.81,0.01,-0.02,0.03
timestamp,ax,ay,az,wx,wy,wz
2.06,0.10,0.05,9.81,0.01,-0.02,0.03
timestamp,ax,ay,az,wx,wy,wz
2.07,0.10,0.05,9.81,0.01,-0.02,0.03
timestamp,ax,ay,az,wx,wy,wz
2.08,0.10,0.05,9.81,0.01,-0.02,0.03
timestamp,ax,ay,az,wx,wy,wz
2.09,0.10,0.05,9.81,0.01,-0.02,0.03
timestamp,ax,ay,az,wx,wy,wz
2.10,0.10,0.05,9.81,0.01,-0.02,0.03
timestamp,ax,ay,az,wx,wy,wz
2.11,0.10,0.05,9.81,0.01,-0.02,0.03
timestamp,ax,ay,az,wx,wy,wz
2.12,0.10,0.05,9.81,0.01,-0.02,0.03
timestamp,ax,ay,az,wx,wy,wz
2.13,0.10,0.05,9.81,0.01,-0.02,0.03
timestamp,ax,ay,az,wx,wy,wz
2.14,0.10,0.05,9.81,0.01,-0.02,0.03
timestamp,ax,ay,az,wx,wy,wz
2.15,0.10,0.05,9.81,0.01,-0.02,0.03
timestamp,ax,ay,az,wx,wy,wz
2.16,0.10,0.05,9.81,0.01,-0.02,0.03
timestamp,ax,ay,az,wx,wy,wz
2.17,0.10,0.05,9.81,0.01,-0.02,0.03
timestamp,ax,ay,az,wx,wy,wz
2.18,0.10,0.05,9.81,0.01,-0.02,0.03
timestamp,ax,ay,az,wx,wy,wz
2.19,0.10,0.05,9.81,0.01,-0.02,0.03
timestamp,ax,ay,az,wx,wy,wz
2.20,0.10,0.05,9.81,0.01,-0.02,0.03
timestamp,ax,ay,az,wx,wy,wz
2.21,0.10,0.05,9.81,0.01,-0.02,0.03
timestamp,ax,ay,az,wx,wy,wz
2.22,0.10,0.05,9.81,0.01,-0.02,0.03
timestamp,ax,ay,az,wx,wy,wz
2.23,0.10,0.05,9.81,0.01,-0.02,0.03
timestamp,ax,ay,az,wx,wy,wz
2.24,0.10,0.05,9.81,0.01,-0.02,0.03
timestamp,ax,ay,az,wx,wy,wz
2.25,0.10,0.05,9.81,0.01,-0.02,0.03
timestamp,ax,ay,az,wx,wy,wz
2.26,0.10,0.05,9.81,0.01,-0.02,0.03
timestamp,ax,ay,az,wx,wy,wz
2.27,0.10,0.05,9.81,0.01,-0.02,0.03
timestamp,ax,ay,az,wx,wy,wz
2.28,0.10,0.05,9.81,0.01,-0.02,0.03
timestamp,ax,ay,az,wx,wy,wz
2.29,0.10,0.05,9.81,0.01,-0.02,0.03
timestamp,ax,ay,az,wx,wy,wz
2.30,0.10,0.05,9.81,0.01,-0.02,0.03
timestamp,ax,ay,az,wx,wy,wz
2.31,0.10,0.05,9.81,0.01,-0.02,0.03
timestamp,ax,ay,az,wx,wy,wz
2.32,0.10,0.05,9.81,0.01,-0.02,0.03
timestamp,ax,ay,az,wx,wy,wz
2.33,0.10,0.05,9.81,0.01,-0.02,0.03
timestamp,ax,ay,az,wx,wy,wz
2.34,0.10,0.05,9.81,0.01,-0.02,0.03
timestamp,ax,ay,az,wx,wy,wz
2.35,0.10,0.05,9.81,0.01,-0.02,0.03
timestamp,ax,ay,az,wx,wy,wz
2.36,0.10,0.05,9.81,0.01,-0.02,0.03
timestamp,ax,ay,az,wx,wy,wz
2.37,0.10,0.05,9.81,0.01,-0.02,0.03
timestamp,ax,ay,az,wx,wy,wz
2.38,0.10,0.05,9.81,0.01,-0.02,0.03
timestamp,ax,ay,az,wx,wy,wz
2.39,0.10,0.05,9.81,0.01,-0.02,0.03
timestamp,ax,ay,az,wx,wy,wz
2.40,0.10,0.05,9.81,0.01,-0.02,0.03
timestamp,ax,ay,az,wx,wy,wz
2.41,0.10,0.05,9.81,0.01,-0.02,0.03
timestamp,ax,ay,az,wx,wy,wz
2.42,0.10,0.05,9.81,0.01,-0.02,0.03
timestamp,ax,ay,az,wx,wy,wz
2.43,0.10,0.05,9.81,0.01,-0.02,0.03
timestamp,ax,ay,az,wx,wy,wz
2.44,0.10,0.05,9.81,0.01,-0.02,0.03
timestamp,ax,ay,az,wx,wy,wz
2.45,0.10,0.05,9.81,0.01,-0.02,0.03
timestamp,ax,ay,az,wx,wy,wz
2.46,0.10,0.05,9.81,0.01,-0.02,0.03
timestamp,ax,ay,az,wx,wy,wz
2.47,0.10,0.05,9.81,0.01,-0.02,0.03
timestamp,ax,ay,az,wx,wy,wz
2.48,0.10,0.05,9.81,0.01,-0.02,0.03
timestamp,ax,ay,az,wx,wy,wz
2.49,0.10,0.05,9.81,0.01,-0.02,0.03
timestamp,ax,ay,az,wx,wy,wz
2.50,0.10,0.05,9.81,0.01,-0.02,0.03
timestamp,ax,ay,az,wx,wy,wz
2.51,0.10,0.05,9.81,0.01,-0.02,0.03
timestamp,ax,ay,az,wx,wy,wz
2.52,0.10,0.05,9.81,0.01,-0.02,0.03
timestamp,ax,ay,az,wx,wy,wz
2.53,0.10,0.05,9.81,0.01,-0.02,0.03
timestamp,ax,ay,az,wx,wy,wz
2.54,0.10,0.05,9.81,0.01,-0.02,0.03
timestamp,ax,ay,az,wx,wy,wz
2.55,0.10,0.05,9.81,0.01,-0.02,0.03
timestamp,ax,ay,az,wx,wy,wz
2.56,0.10,0.05,9.81,0.01,-0.02,0.03
timestamp,ax,ay,az,wx,wy,wz
2.57,0.10,0.05,9.81,0.01,-0.02,0.03
timestamp,ax,ay,az,wx,wy,wz
2.58,0.10,0.05,9.81,0.01,-0.02,0.03
timestamp,ax,ay,az,wx,wy,wz
2.59,0.10,0.05,9.81,0.01,-0.02,0.03
timestamp,ax,ay,az,wx,wy,wz
2.60,0.10,0.05,9.81,0.01,-0.02,0.03
timestamp,ax,ay,az,wx,wy,wz
2.61,0.10,0.05,9.81,0.01,-0.02,0.03
timestamp,ax,ay,az,wx,wy,wz
2.62,0.10,0.05,9.81,0.01,-0.02,0.03
timestamp,ax,ay,az,wx,wy,wz
2.63,0.10,0.05,9.81,0.01,-0.02,0.03
timestamp,ax,ay,az,wx,wy,wz
2.64,0.10,0.05,9.81,0.01,-0.02,0.03
timestamp,ax,ay,az,wx,wy,wz
2.65,0.10,0.05,9.81,0.01,-0.02,0.03
timestamp,ax,ay,az,wx,wy,wz
2.66,0.10,0.05,9.81,0.01,-0.02,0.03
timestamp,ax,ay,az,wx,wy,wz
2.67,0.10,0.05,9.81,0.01,-0.02,0.03
timestamp,ax,ay,az,wx,wy,wz
2.68,0.10,0.05,9.81,0.01,-0.02,0.03
timestamp,ax,ay,az,wx,wy,wz
2.69,0.10,0.05,9.81,0.01,-0.02,0.03
timestamp,ax,ay,az,wx,wy,wz
2.70,0.10,0.05,9.81,0.01,-0.02,0.03
timestamp,ax,ay,az,wx,wy,wz
2.71,0.10,0.05,9.81,0.01,-0.02,0.03
timestamp,ax,ay,az,wx,wy,wz
2.72,0.10,0.05,9.81,0.01,-0.02,0.03
timestamp,ax,ay,az,wx,wy,wz
2.73,0.10,0.05,9.81,0.01,-0.02,0.03
timestamp,ax,ay,az,wx,wy,wz
2.74,0.10,0.05,9.81,0.01,-0.02,0.03
timestamp,ax,ay,az,wx,wy,wz
2.75,0.10,0.05,9.81,0.01,-0.02,0.03
timestamp,ax,ay,az,wx,wy,wz
2.76,0.10,0.05,9.81,0.01,-0.02,0.03
timestamp,ax,ay,az,wx,wy,wz
2.77,0.10,0.05,9.81,0.01,-0.02,0.03
timestamp,ax,ay,az,wx,wy,wz
2.78,0.10,0.05,9.81,0.01,-0.02,0.03
timestamp,ax,ay,az,wx,wy,wz
2.79,0.10,0.05,9.81,0.01,-0.02,0.03
timestamp,ax,ay,az,wx,wy,wz
2.80,0.10,0.05,9.81,0.01,-0.02,0.03
timestamp,ax,ay,az,wx,wy,wz
2.81,0.10,0.05,9.81,0.01,-0.02,0.03
timestamp,ax,ay,az,wx,wy,wz
2.82,0.10,0.05,9.81,0.01,-0.02,0.03
timestamp,ax,ay,az,wx,wy,wz
2.83,0.10,0.05,9.81,0.01,-0.02,0.03
timestamp,ax,ay,az,wx,wy,wz
2.84,0.10,0.05,9.81,0.01,-0.02,0.03
timestamp,ax,ay,az,wx,wy,wz
2.85,0.10,0.05,9.81,0.01,-0.02,0.03
timestamp,ax,ay,az,wx,wy,wz
2.86,0.10,0.05,9.81,0.01,-0.02,0.03
timestamp,ax,ay,az,wx,wy,wz
2.87,0.10,0.05,9.81,0.01,-0.02,0.03
timestamp,ax,ay,az,wx,wy,wz
2.88,0.10,0.05,9.81,0.01,-0.02,0.03
timestamp,ax,ay,az,wx,wy,wz
2.89,0.10,0.05,9.81,0.01,-0.02,0.03
timestamp,ax,ay,az,wx,wy,wz
2.90,0.10,0.05,9.81,0.01,-0.02,0.03
timestamp,ax,ay,az,wx,wy,wz
2.91,0.10,0.05,9.81,0.01,-0.02,0.03
timestamp,ax,ay,az,wx,wy,wz
2.92,0.10,0.05,9.81,0.01,-0.02,0.03
timestamp,ax,ay,az,wx,wy,wz
2.93,0.10,0.05,9.81,0.01,-0.02,0.03
timestamp,ax,ay,az,wx,wy,wz
2.94,0.10,0.05,9.81,0.01,-0.02,0.03
timestamp,ax,ay,az,wx,wy,wz
2.95,0.10,0.05,9.81,0.01,-0.02,0.03
timestamp,ax,ay,az,wx,wy,wz
2.96,0.10,0.05,9.81,0.01,-0.02,0.03
timestamp,ax,ay,az,wx,wy,wz
2.97,0.10,0.05,9.81,0.01,-0.02,0.03
timestamp,ax,ay,az,wx,wy,wz
2.98,0.10,0.05,9.81,0.01,-0.02,0.03
timestamp,ax,ay,az,wx,wy,wz
2.99,0.10,0.05,9.81,0.01,-0.02,0.03
timestamp,ax,ay,az,wx,wy,wz
3.00,0.10,0.05,9.81,0.01,-0.02,0.03
timestamp,ax,ay,az,wx,wy,wz
3.01,0.10,0.05,9.81,0.01,-0.02,0.03
timestamp,ax,ay,az,wx,wy,wz
3.02,0.10,0.05,9.81,0.01,-0.02,0.03
timestamp,ax,ay,az,wx,wy,wz
3.03,0.10,0.05,9.81,0.01,-0.02,0.03
timestamp,ax,ay,az,wx,wy,wz
3.04,0.10,0.05,9.81,0.01,-0.02,0.03
timestamp,ax,ay,az,wx,wy,wz
3.05,0.10,0.05,9.81,0.01,-0.02,0.03
timestamp,ax,ay,az,wx,wy,wz
3.06,0.10,0.05,9.81,0.01,-0.02,0.03
timestamp,ax,ay,az,wx,wy,wz
3.07,0.10,0.05,9.81,0.01,-0.02,0.03
timestamp,ax,ay,az,wx,wy,wz
3.08,0.10,0.05,9.81,0.01,-0.02,0.03
timestamp,ax,ay,az,wx,wy,wz
3.09,0.10,0.05,9.81,0.01,-0.02,0.03
timestamp,ax,ay,az,wx,wy,wz
3.10,0.10,0.05,9.81,0.01,-0.02,0.03
timestamp,ax,ay,az,wx,wy,wz
3.11,0.10,0.05,9.81,0.01,-0.02,0.03
timestamp,ax,ay,az,wx,wy,wz
3.12,0.10,0.05,9.81,0.01,-0.02,0.03
timestamp,ax,ay,az,wx,wy,wz
3.13,0.10,0.05,9.81,0.01,-0.02,0.03
timestamp,ax,ay,az,wx,wy,wz
3.14,0.10,0.05,9.81,0.01,-0.02,0.03
timestamp,ax,ay,az,wx,wy,wz
3.15,0.10,0.05,9.81,0.01,-0.02,0.03
timestamp,ax,ay,az,wx,wy,wz
3.16,0.10,0.05,9.81,0.01,-0.02,0.03
timestamp,ax,ay,az,wx,wy,wz
3.17,0.10,0.05,9.81,0.01,-0.02,0.03
timestamp,ax,ay,az,wx,wy,wz
3.18,0.10,0.05,9.81,0.01,-0.02,0.03
timestamp,ax,ay,az,wx,wy,wz
3.19,0.10,0.05,9.81,0.01,-0.02,0.03
timestamp,ax,ay,az,wx,wy,wz
3.20,0.10,0.05,9.81,0.01,-0.02,0.03
timestamp,ax,ay,az,wx,wy,wz
3.21,0.10,0.05,9.81,0.01,-0.02,0.03
timestamp,ax,ay,az,wx,wy,wz
3.22,0.10,0.05,9.81,0.01,-0.02,0.03
timestamp,ax,ay,az,wx,wy,wz
3.23,0.10,0.05,9.81,0.01,-0.02,0.03
timestamp,ax,ay,az,wx,wy,wz
3.24,0.10,0.05,9.81,0.01,-0.02,0.03
timestamp,ax,ay,az,wx,wy,wz
3.25,0.10,0.05,9.81,0.01,-0.02,0.03
timestamp,ax,ay,az,wx,wy,wz
3.26,0.10,0.05,9.81,0.01,-0.02,0.03
timestamp,ax,ay,az,wx,wy,wz
3.27,0.10,0.05,9.81,0.01,-0.02,0.03
timestamp,ax,ay,az,wx,wy,wz
3.28,0.10,0.05,9.81,0.01,-0.02,0.03
timestamp,ax,ay,az,wx,wy,wz
3.29,0.10,0.05,9.81,0.01,-0.02,0.03
timestamp,ax,ay,az,wx,wy,wz
3.30,0.10,0.05,9.81,0.01,-0.02,0.03
timestamp,ax,ay,az,wx,wy,wz
3.31,0.10,0.05,9.81,0.01,-0.02,0.03
timestamp,ax,ay,az,wx,wy,wz
3.32,0.10,0.05,9.81,0.01,-0.02,0.03
timestamp,ax,ay,az,wx,wy,wz
3.33,0.10,0.05,9.81,0.01,-0.02,0.03
timestamp,ax,ay,az,wx,wy,wz
3.34,0.10,0.05,9.81,0.01,-0.02,0.03
timestamp,ax,ay,az,wx,wy,wz
3.35,0.10,0.05,9.81,0.01,-0.02,0.03
timestamp,ax,ay,az,wx,wy,wz
3.36,0.10,0.05,9.81,0.01,-0.02,0.03
timestamp,ax,ay,az,wx,wy,wz
3.37,0.10,0.05,9.81,0.01,-0.02,0.03
timestamp,ax,ay,az,wx,wy,wz
3.38,0.10,0.05,9.81,0.01,-0.02,0.03
timestamp,ax,ay,az,wx,wy,wz
3.39,0.10,0.05,9.81,0.01,-0.02,0.03
timestamp,ax,ay,az,wx,wy,wz
3.40,0.10,0.05,9.81,0.01,-0.02,0.03
timestamp,ax,ay,az,wx,wy,wz
3.41,0.10,0.05,9.81,0.01,-0.02,0.03
timestamp,ax,ay,az,wx,wy,wz
3.42,0.10,0.05,9.81,0.01,-0.02,0.03
timestamp,ax,ay,az,wx,wy,wz
3.43,0.10,0.05,9.81,0.01,-0.02,0.03
timestamp,ax,ay,az,wx,wy,wz
3.44,0.10,0.05,9.81,0.01,-0.02,0.03
timestamp,ax,ay,az,wx,wy,wz
3.45,0.10,0.05,9.81,0.01,-0.02,0.03
timestamp,ax,ay,az,wx,wy,wz
3.46,0.10,0.05,9.81,0.01,-0.02,0.03
timestamp,ax,ay,az,wx,wy,wz
3.47,0.10,0.05,9.81,0.01,-0.02,0.03
timestamp,ax,ay,az,wx,wy,wz
3.48,0.10,0.05,9.81,0.01,-0.02,0.03
timestamp,ax,ay,az,wx,wy,wz
3.49,0.10,0.05,9.81,0.01,-0.02,0.03
timestamp,ax,ay,az,wx,wy,wz
3.50,0.10,0.05,9.81,0.01,-0.02,0.03
timestamp,ax,ay,az,wx,wy,wz
3.51,0.10,0.05,9.81,0.01,-0.02,0.03
timestamp,ax,ay,az,wx,wy,wz
3.52,0.10,0.05,9.81,0.01,-0.02,0.03
timestamp,ax,ay,az,wx,wy,wz
3.53,0.10,0.05,9.81,0.01,-0.02,0.03
timestamp,ax,ay,az,wx,wy,wz
3.54,0.10,0.05,9.81,0.01,-0.02,0.03
timestamp,ax,ay,az,wx,wy,wz
3.55,0.10,0.05,9.81,0.01,-0.02,0.03
timestamp,ax,ay,az,wx,wy,wz
3.56,0.10,0.05,9.81,0.01,-0.02,0.03
timestamp,ax,ay,az,wx,wy,wz
3.57,0.10,0.05,9.81,0.01,-0.02,0.03
timestamp,ax,ay,az,wx,wy,wz
3.58,0.10,0.05,9.81,0.01,-0.02,0.03
timestamp,ax,ay,az,wx,wy,wz
3.59,0.10,0.05,9.81,0.01,-0.02,0.03
timestamp,ax,ay,az,wx,wy,wz
3.60,0.10,0.05,9.81,0.01,-0.02,0.03
timestamp,ax,ay,az,wx,wy,wz
3.61,0.10,0.05,9.81,0.01,-0.02,0.03
timestamp,ax,ay,az,wx,wy,wz
3.62,0.10,0.05,9.81,0.01,-0.02,0.03
timestamp,ax,ay,az,wx,wy,wz
3.63,0.10,0.05,9.81,0.01,-0.02,0.03
timestamp,ax,ay,az,wx,wy,wz
3.64,0.10,0.05,9.81,0.01,-0.02,0.03
timestamp,ax,ay,az,wx,wy,wz
3.65,0.10,0.05,9.81,0.01,-0.02,0.03
timestamp,ax,ay,az,wx,wy,wz
3.66,0.10,0.05,9.81,0.01,-0.02,0.03
timestamp,ax,ay,az,wx,wy,wz
3.67,0.10,0.05,9.81,0.01,-0.02,0.03
timestamp,ax,ay,az,wx,wy,wz
3.68,0.10,0.05,9.81,0.01,-0.02,0.03
timestamp,ax,ay,az,wx,wy,wz
3.69,0.10,0.05,9.81,0.01,-0.02,0.03
timestamp,ax,ay,az,wx,wy,wz
3.70,0.10,0.05,9.81,0.01,-0.02,0.03
timestamp,ax,ay,az,wx,wy,wz
3.71,0.10,0.05,9.81,0.01,-0.02,0.03
timestamp,ax,ay,az,wx,wy,wz
3.72,0.10,0.05,9.81,0.01,-0.02,0.03
timestamp,ax,ay,az,wx,wy,wz
3.73,0.10,0.05,9.81,0.01,-0.02,0.03
timestamp,ax,ay,az,wx,wy,wz
3.74,0.10,0.05,9.81,0.01,-0.02,0.03
timestamp,ax,ay,az,wx,wy,wz
3.75,0.10,0.05,9.81,0.01,-0.02,0.03
timestamp,ax,ay,az,wx,wy,wz
3.76,0.10,0.05,9.81,0.01,-0.02,0.03
timestamp,ax,ay,az,wx,wy,wz
3.77,0.10,0.05,9.81,0.01,-0.02,0.03
timestamp,ax,ay,az,wx,wy,wz
3.78,0.10,0.05,9.81,0.01,-0.02,0.03
timestamp,ax,ay,az,wx,wy,wz
3.79,0.10,0.05,9.81,0.01,-0.02,0.03
timestamp,ax,ay,az,wx,wy,wz
3.80,0.10,0.05,9.81,0.01,-0.02,0.03
timestamp,ax,ay,az,wx,wy,wz
3.81,0.10,0.05,9.81,0.01,-0.02,0.03
timestamp,ax,ay,az,wx,wy,wz
3.82,0.10,0.05,9.81,0.01,-0.02,0.03
timestamp,ax,ay,az,wx,wy,wz
3.83,0.10,0.05,9.81,0.01,-0.02,0.03
timestamp,ax,ay,az,wx,wy,wz
3.84,0.10,0.05,9.81,0.01,-0.02,0.03
timestamp,ax,ay,az,wx,wy,wz
3.85,0.10,0.05,9.81,0.01,-0.02,0.03
timestamp,ax,ay,az,wx,wy,wz
3.86,0.10,0.05,9.81,0.01,-0.02,0.03
timestamp,ax,ay,az,wx,wy,wz
3.87,0.10,0.05,9.81,0.01,-0.02,0.03
timestamp,ax,ay,az,wx,wy,wz
3.88,0.10,0.05,9.81,0.01,-0.02,0.03
timestamp,ax,ay,az,wx,wy,wz
3.89,0.10,0.05,9.81,0.01,-0.02,0.03
timestamp,ax,ay,az,wx,wy,wz
3.90,0.10,0.05,9.81,0.01,-0.02,0.03
timestamp,ax,ay,az,wx,wy,wz
3.91,0.10,0.05,9.81,0.01,-0.02,0.03
timestamp,ax,ay,az,wx,wy,wz
3.92,0.10,0.05,9.81,0.01,-0.02,0.03
timestamp,ax,ay,az,wx,wy,wz
3.93,0.10,0.05,9.81,0.01,-0.02,0.03
timestamp,ax,ay,az,wx,wy,wz
3.94,0.10,0.05,9.81,0.01,-0.02,0.03
timestamp,ax,ay,az,wx,wy,wz
3.95,0.10,0.05,9.81,0.01,-0.02,0.03
timestamp,ax,ay,az,wx,wy,wz
3.96,0.10,0.05,9.81,0.01,-0.02,0.03
timestamp,ax,ay,az,wx,wy,wz
3.97,0.10,0.05,9.81,0.01,-0.02,0.03
timestamp,ax,ay,az,wx,wy,wz
3.98,0.10,0.05,9.81,0.01,-0.02,0.03
timestamp,ax,ay,az,wx,wy,wz
3.99,0.10,0.05,9.81,0.01,-0.02,0.03
timestamp,ax,ay,az,wx,wy,wz
4.00,0.10,0.05,9.81,0.01,-0.02,0.03
timestamp,ax,ay,az,wx,wy,wz
4.01,0.10,0.05,9.81,0.01,-0.02,0.03
timestamp,ax,ay,az,wx,wy,wz
4.02,0.10,0.05,9.81,0.01,-0.02,0.03
timestamp,ax,ay,az,wx,wy,wz
4.03,0.10,0.05,9.81,0.01,-0.02,0.03
timestamp,ax,ay,az,wx,wy,wz
4.04,0.10,0.05,9.81,0.01,-0.02,0.03
timestamp,ax,ay,az,wx,wy,wz
4.05,0.10,0.05,9.81,0.01,-0.02,0.03
timestamp,ax,ay,az,wx,wy,wz
4.06,0.10,0.05,9.81,0.01,-0.02,0.03
timestamp,ax,ay,az,wx,wy,wz
4.07,0.10,0.05,9.81,0.01,-0.02,0.03
timestamp,ax,ay,az,wx,wy,wz
4.08,0.10,0.05,9.81,0.01,-0.02,0.03
timestamp,ax,ay,az,wx,wy,wz
4.09,0.10,0.05,9.81,0.01,-0.02,0.03
timestamp,ax,ay,az,wx,wy,wz
4.10,0.10,0.05,9.81,0.01,-0.02,0.03
timestamp,ax,ay,az,wx,wy,wz
4.11,0.10,0.05,9.81,0.01,-0.02,0.03
timestamp,ax,ay,az,wx,wy,wz
4.12,0.10,0.05,9.81,0.01,-0.02,0.03
timestamp,ax,ay,az,wx,wy,wz
4.13,0.10,0.05,9.81,0.01,-0.02,0.03
timestamp,ax,ay,az,wx,wy,wz
4.14,0.10,0.05,9.81,0.01,-0.02,0.03
timestamp,ax,ay,az,wx,wy,wz
4.15,0.10,0.05,9.81,0.01,-0.02,0.03
timestamp,ax,ay,az,wx,wy,wz
4.16,0.10,0.05,9.81,0.01,-0.02,0.03
timestamp,ax,ay,az,wx,wy,wz
4.17,0.10,0.05,9.81,0.01,-0.02,0.03
timestamp,ax,ay,az,wx,wy,wz
4.18,0.10,0.05,9.81,0.01,-0.02,0.03
timestamp,ax,ay,az,wx,wy,wz
4.19,0.10,0.05,9.81,0.01,-0.02,0.03
timestamp,ax,ay,az,wx,wy,wz
4.20,0.10,0.05,9.81,0.01,-0.02,0.03
timestamp,ax,ay,az,wx,wy,wz
4.21,0.10,0.05,9.81,0.01,-0.02,0.03
timestamp,ax,ay,az,wx,wy,wz
4.22,0.10,0.05,9.81,0.01,-0.02,0.03
timestamp,ax,ay,az,wx,wy,wz
4.23,0.10,0.05,9.81,0.01,-0.02,0.03
timestamp,ax,ay,az,wx,wy,wz
4.24,0.10,0.05,9.81,0.01,-0.02,0.03
timestamp,ax,ay,az,wx,wy,wz
4.25,0.10,0.05,9.81,0.01,-0.02,0.03
timestamp,ax,ay,az,wx,wy,wz
4.26,0.10,0.05,9.81,0.01,-0.02,0.03
timestamp,ax,ay,az,wx,wy,wz
4.27,0.10,0.05,9.81,0.01,-0.02,0.03
timestamp,ax,ay,az,wx,wy,wz
4.28,0.10,0.05,9.81,0.01,-0.02,0.03
timestamp,ax,ay,az,wx,wy,wz
4.29,0.10,0.05,9.81,0.01,-0.02,0.03
timestamp,ax,ay,az,wx,wy,wz
4.30,0.10,0.05,9.81,0.01,-0.02,0.03
timestamp,ax,ay,az,wx,wy,wz
4.31,0.10,0.05,9.81,0.01,-0.02,0.03
timestamp,ax,ay,az,wx,wy,wz
4.32,0.10,0.05,9.81,0.01,-0.02,0.03
timestamp,ax,ay,az,wx,wy,wz
4.33,0.10,0.05,9.81,0.01,-0.02,0.03
timestamp,ax,ay,az,wx,wy,wz
4.34,0.10,0.05,9.81,0.01,-0.02,0.03
timestamp,ax,ay,az,wx,wy,wz
4.35,0.10,0.05,9.81,0.01,-0.02,0.03
timestamp,ax,ay,az,wx,wy,wz
4.36,0.10,0.05,9.81,0.01,-0.02,0.03
timestamp,ax,ay,az,wx,wy,wz
4.37,0.10,0.05,9.81,0.01,-0.02,0.03
timestamp,ax,ay,az,wx,wy,wz
4.38,0.10,0.05,9.81,0.01,-0.02,0.03
timestamp,ax,ay,az,wx,wy,wz
4.39,0.10,0.05,9.81,0.01,-0.02,0.03
timestamp,ax,ay,az,wx,wy,wz
4.40,0.10,0.05,9.81,0.01,-0.02,0.03
timestamp,ax,ay,az,wx,wy,wz
4.41,0.10,0.05,9.81,0.01,-0.02,0.03
timestamp,ax,ay,az,wx,wy,wz
4.42,0.10,0.05,9.81,0.01,-0.02,0.03
timestamp,ax,ay,az,wx,wy,wz
4.43,0.10,0.05,9.81,0.01,-0.02,0.03
timestamp,ax,ay,az,wx,wy,wz
4.44,0.10,0.05,9.81,0.01,-0.02,0.03
timestamp,ax,ay,az,wx,wy,wz
4.45,0.10,0.05,9.81,0.01,-0.02,0.03
timestamp,ax,ay,az,wx,wy,wz
4.46,0.10,0.05,9.81,0.01,-0.02,0.03
timestamp,ax,ay,az,wx,wy,wz
4.47,0.10,0.05,9.81,0.01,-0.02,0.03
timestamp,ax,ay,az,wx,wy,wz
4.48,0.10,0.05,9.81,0.01,-0.02,0.03
timestamp,ax,ay,az,wx,wy,wz
4.49,0.10,0.05,9.81,0.01,-0.02,0.03
timestamp,ax,ay,az,wx,wy,wz
4.50,0.10,0.05,9.81,0.01,-0.02,0.03
timestamp,ax,ay,az,wx,wy,wz
4.51,0.10,0.05,9.81,0.01,-0.02,0.03
timestamp,ax,ay,az,wx,wy,wz
4.52,0.10,0.05,9.81,0.01,-0.02,0.03
timestamp,ax,ay,az,wx,wy,wz
4.53,0.10,0.05,9.81,0.01,-0.02,0.03
timestamp,ax,ay,az,wx,wy,wz
4.54,0.10,0.05,9.81,0.01,-0.02,0.03
timestamp,ax,ay,az,wx,wy,wz
4.55,0.10,0.05,9.81,0.01,-0.02,0.03
timestamp,ax,ay,az,wx,wy,wz
4.56,0.10,0.05,9.81,0.01,-0.02,0.03
timestamp,ax,ay,az,wx,wy,wz
4.57,0.10,0.05,9.81,0.01,-0.02,0.03
timestamp,ax,ay,az,wx,wy,wz
4.58,0.10,0.05,9.81,0.01,-0.02,0.03
timestamp,ax,ay,az,wx,wy,wz
4.59,0.10,0.05,9.81,0.01,-0.02,0.03
timestamp,ax,ay,az,wx,wy,wz
4.60,0.10,0.05,9.81,0.01,-0.02,0.03
timestamp,ax,ay,az,wx,wy,wz
4.61,0.10,0.05,9.81,0.01,-0.02,0.03
timestamp,ax,ay,az,wx,wy,wz
4.62,0.10,0.05,9.81,0.01,-0.02,0.03
timestamp,ax,ay,az,wx,wy,wz
4.63,0.10,0.05,9.81,0.01,-0.02,0.03
timestamp,ax,ay,az,wx,wy,wz
4.64,0.10,0.05,9.81,0.01,-0.02,0.03
timestamp,ax,ay,az,wx,wy,wz
4.65,0.10,0.05,9.81,0.01,-0.02,0.03
timestamp,ax,ay,az,wx,wy,wz
4.66,0.10,0.05,9.81,0.01,-0.02,0.03
timestamp,ax,ay,az,wx,wy,wz
4.67,0.10,0.05,9.81,0.01,-0.02,0.03
timestamp,ax,ay,az,wx,wy,wz
4.68,0.10,0.05,9.81,0.01,-0.02,0.03
timestamp,ax,ay,az,wx,wy,wz
4.69,0.10,0.05,9.81,0.01,-0.02,0.03
timestamp,ax,ay,az,wx,wy,wz
4.70,0.10,0.05,9.81,0.01,-0.02,0.03
timestamp,ax,ay,az,wx,wy,wz
4.71,0.10,0.05,9.81,0.01,-0.02,0.03
timestamp,ax,ay,az,wx,wy,wz
4.72,0.10,0.05,9.81,0.01,-0.02,0.03
timestamp,ax,ay,az,wx,wy,wz
4.73,0.10,0.05,9.81,0.01,-0.02,0.03
timestamp,ax,ay,az,wx,wy,wz
4.74,0.10,0.05,9.81,0.01,-0.02,0.03
timestamp,ax,ay,az,wx,wy,wz
4.75,0.10,0.05,9.81,0.01,-0.02,0.03
timestamp,ax,ay,az,wx,wy,wz
4.76,0.10,0.05,9.81,0.01,-0.02,0.03
timestamp,ax,ay,az,wx,wy,wz
4.77,0.10,0.05,9.81,0.01,-0.02,0.03
timestamp,ax,ay,az,wx,wy,wz
4.78,0.10,0.05,9.81,0.01,-0.02,0.03
timestamp,ax,ay,az,wx,wy,wz
4.79,0.10,0.05,9.81,0.01,-0.02,0.03
timestamp,ax,ay,az,wx,wy,wz
4.80,0.10,0.05,9.81,0.01,-0.02,0.03
timestamp,ax,ay,az,wx,wy,wz
4.81,0.10,0.05,9.81,0.01,-0.02,0.03
timestamp,ax,ay,az,wx,wy,wz
4.82,0.10,0.05,9.81,0.01,-0.02,0.03
timestamp,ax,ay,az,wx,wy,wz
4.83,0.10,0.05,9.81,0.01,-0.02,0.03
timestamp,ax,ay,az,wx,wy,wz
4.84,0.10,0.05,9.81,0.01,-0.02,0.03
timestamp,ax,ay,az,wx,wy,wz
4.85,0.10,0.05,9.81,0.01,-0.02,0.03
timestamp,ax,ay,az,wx,wy,wz
4.86,0.10,0.05,9.81,0.01,-0.02,0.03
timestamp,ax,ay,az,wx,wy,wz
4.87,0.10,0.05,9.81,0.01,-0.02,0.03
timestamp,ax,ay,az,wx,wy,wz
4.88,0.10,0.05,9.81,0.01,-0.02,0.03
timestamp,ax,ay,az,wx,wy,wz
4.89,0.10,0.05,9.81,0.01,-0.02,0.03
timestamp,ax,ay,az,wx,wy,wz
4.90,0.10,0.05,9.81,0.01,-0.02,0.03
timestamp,ax,ay,az,wx,wy,wz
4.91,0.10,0.05,9.81,0.01,-0.02,0.03
timestamp,ax,ay,az,wx,wy,wz
4.92,0.10,0.05,9.81,0.01,-0.02,0.03
timestamp,ax,ay,az,wx,wy,wz
4.93,0.10,0.05,9.81,0.01,-0.02,0.03
timestamp,ax,ay,az,wx,wy,wz
4.94,0.10,0.05,9.81,0.01,-0.02,0.03
timestamp,ax,ay,az,wx,wy,wz
4.95,0.10,0.05,9.81,0.01,-0.02,0.03
timestamp,ax,ay,az,wx,wy,wz
4.96,0.10,0.05,9.81,0.01,-0.02,0.03
timestamp,ax,ay,az,wx,wy,wz
4.97,0.10,0.05,9.81,0.01,-0.02,0.03
timestamp,ax,ay,az,wx,wy,wz
4.98,0.10,0.05,9.81,0.01,-0.02,0.03
timestamp,ax,ay,az,wx,wy,wz
4.99,0.10,0.05,9.81,0.01,-0.02,0.03
timestamp,ax,ay,az,wx,wy,wz
5.00,0.10,0.05,9.81,0.01,-0.02,0.03
timestamp,ax,ay,az,wx,wy,wz
5.01,0.10,0.05,9.81,0.01,-0.02,0.03
timestamp,ax,ay,az,wx,wy,wz
5.02,0.10,0.05,9.81,0.01,-0.02,0.03
timestamp,ax,ay,az,wx,wy,wz
5.03,0.10,0.05,9.81,0.01,-0.02,0.03
timestamp,ax,ay,az,wx,wy,wz
5.04,0.10,0.05,9.81,0.01,-0.02,0.03
timestamp,ax,ay,az,wx,wy,wz
5.05,0.10,0.05,9.81,0.01,-0.02,0.03
timestamp,ax,ay,az,wx,wy,wz
5.06,0.10,0.05,9.81,0.01,-0.02,0.03
timestamp,ax,ay,az,wx,wy,wz
5.07,0.10,0.05,9.81,0.01,-0.02,0.03
timestamp,ax,ay,az,wx,wy,wz
5.08,0.10,0.05,9.81,0.01,-0.02,0.03
timestamp,ax,ay,az,wx,wy,wz
5.09,0.10,0.05,9.81,0.01,-0.02,0.03
timestamp,ax,ay,az,wx,wy,wz
5.10,0.10,0.05,9.81,0.01,-0.02,0.03
timestamp,ax,ay,az,wx,wy,wz
5.11,0.10,0.05,9.81,0.01,-0.02,0.03
timestamp,ax,ay,az,wx,wy,wz
5.12,0.10,0.05,9.81,0.01,-0.02,0.03
timestamp,ax,ay,az,wx,wy,wz
5.13,0.10,0.05,9.81,0.01,-0.02,0.03
timestamp,ax,ay,az,wx,wy,wz
5.14,0.10,0.05,9.81,0.01,-0.02,0.03
timestamp,ax,ay,az,wx,wy,wz
5.15,0.10,0.05,9.81,0.01,-0.02,0.03
timestamp,ax,ay,az,wx,wy,wz
5.16,0.10,0.05,9.81,0.01,-0.02,0.03
timestamp,ax,ay,az,wx,wy,wz
5.17,0.10,0.05,9.81,0.01,-0.02,0.03
timestamp,ax,ay,az,wx,wy,wz
5.18,0.10,0.05,9.81,0.01,-0.02,0.03
timestamp,ax,ay,az,wx,wy,wz
5.19,0.10,0.05,9.81,0.01,-0.02,0.03
timestamp,ax,ay,az,wx,wy,wz
5.20,0.10,0.05,9.81,0.01,-0.02,0.03
timestamp,ax,ay,az,wx,wy,wz
5.21,0.10,0.05,9.81,0.01,-0.02,0.03
timestamp,ax,ay,az,wx,wy,wz
5.22,0.10,0.05,9.81,0.01,-0.02,0.03
timestamp,ax,ay,az,wx,wy,wz
5.23,0.10,0.05,9.81,0.01,-0.02,0.03
timestamp,ax,ay,az,wx,wy,wz
5.24,0.10,0.05,9.81,0.01,-0.02,0.03
timestamp,ax,ay,az,wx,wy,wz
5.25,0.10,0.05,9.81,0.01,-0.02,0.03
timestamp,ax,ay,az,wx,wy,wz
5.26,0.10,0.05,9.81,0.01,-0.02,0.03
timestamp,ax,ay,az,wx,wy,wz
5.27,0.10,0.05,9.81,0.01,-0.02,0.03
timestamp,ax,ay,az,wx,wy,wz
5.28,0.10,0.05,9.81,0.01,-0.02,0.03
timestamp,ax,ay,az,wx,wy,wz
5.29,0.10,0.05,9.81,0.01,-0.02,0.03
timestamp,ax,ay,az,wx,wy,wz
5.30,0.10,0.05,9.81,0.01,-0.02,0.03
timestamp,ax,ay,az,wx,wy,wz
5.31,0.10,0.05,9.81,0.01,-0.02,0.03
timestamp,ax,ay,az,wx,wy,wz
5.32,0.10,0.05,9.81,0.01,-0.02,0.03
timestamp,ax,ay,az,wx,wy,wz
5.33,0.10,0.05,9.81,0.01,-0.02,0.03
timestamp,ax,ay,az,wx,wy,wz
5.34,0.10,0.05,9.81,0.01,-0.02,0.03
timestamp,ax,ay,az,wx,wy,wz
5.35,0.10,0.05,9.81,0.01,-0.02,0.03
timestamp,ax,ay,az,wx,wy,wz
5.36,0.10,0.05,9.81,0.01,-0.02,0.03
timestamp,ax,ay,az,wx,wy,wz
5.37,0.10,0.05,9.81,0.01,-0.02,0.03
timestamp,ax,ay,az,wx,wy,wz
5.38,0.10,0.05,9.81,0.01,-0.02,0.03
timestamp,ax,ay,az,wx,wy,wz
5.39,0.10,0.05,9.81,0.01,-0.02,0.03
timestamp,ax,ay,az,wx,wy,wz
5.40,0.10,0.05,9.81,0.01,-0.02,0.03
timestamp,ax,ay,az,wx,wy,wz
5.41,0.10,0.05,9.81,0.01,-0.02,0.03
timestamp,ax,ay,az,wx,wy,wz
5.42,0.10,0.05,9.81,0.01,-0.02,0.03
timestamp,ax,ay,az,wx,wy,wz
5.43,0.10,0.05,9.81,0.01,-0.02,0.03
timestamp,ax,ay,az,wx,wy,wz
5.44,0.10,0.05,9.81,0.01,-0.02,0.03
timestamp,ax,ay,az,wx,wy,wz
5.45,0.10,0.05,9.81,0.01,-0.02,0.03
timestamp,ax,ay,az,wx,wy,wz
5.46,0.10,0.05,9.81,0.01,-0.02,0.03
timestamp,ax,ay,az,wx,wy,wz
5.47,0.10,0.05,9.81,0.01,-0.02,0.03
timestamp,ax,ay,az,wx,wy,wz
5.48,0.10,0.05,9.81,0.01,-0.02,0.03
timestamp,ax,ay,az,wx,wy,wz
5.49,0.10,0.05,9.81,0.01,-0.02,0.03
timestamp,ax,ay,az,wx,wy,wz
5.50,0.10,0.05,9.81,0.01,-0.02,0.03
timestamp,ax,ay,az,wx,wy,wz
5.51,0.10,0.05,9.81,0.01,-0.02,0.03
timestamp,ax,ay,az,wx,wy,wz
5.52,0.10,0.05,9.81,0.01,-0.02,0.03
timestamp,ax,ay,az,wx,wy,wz
5.53,0.10,0.05,9.81,0.01,-0.02,0.03
timestamp,ax,ay,az,wx,wy,wz
5.54,0.10,0.05,9.81,0.01,-0.02,0.03
timestamp,ax,ay,az,wx,wy,wz
5.55,0.10,0.05,9.81,0.01,-0.02,0.03
timestamp,ax,ay,az,wx,wy,wz
5.56,0.10,0.05,9.81,0.01,-0.02,0.03
timestamp,ax,ay,az,wx,wy,wz
5.57,0.10,0.05,9.81,0.01,-0.02,0.03
timestamp,ax,ay,az,wx,wy,wz
5.58,0.10,0.05,9.81,0.01,-0.02,0.03
timestamp,ax,ay,az,wx,wy,wz
5.59,0.10,0.05,9.81,0.01,-0.02,0.03
timestamp,ax,ay,az,wx,wy,wz
5.60,0.10,0.05,9.81,0.01,-0.02,0.03
timestamp,ax,ay,az,wx,wy,wz
5.61,0.10,0.05,9.81,0.01,-0.02,0.03
timestamp,ax,ay,az,wx,wy,wz
5.62,0.10,0.05,9.81,0.01,-0.02,0.03
timestamp,ax,ay,az,wx,wy,wz
5.63,0.10,0.05,9.81,0.01,-0.02,0.03
timestamp,ax,ay,az,wx,wy,wz
5.64,0.10,0.05,9.81,0.01,-0.02,0.03
timestamp,ax,ay,az,wx,wy,wz
5.65,0.10,0.05,9.81,0.01,-0.02,0.03
timestamp,ax,ay,az,wx,wy,wz
5.66,0.10,0.05,9.81,0.01,-0.02,0.03
timestamp,ax,ay,az,wx,wy,wz
5.67,0.10,0.05,9.81,0.01,-0.02,0.03
timestamp,ax,ay,az,wx,wy,wz
5.68,0.10,0.05,9.81,0.01,-0.02,0.03
timestamp,ax,ay,az,wx,wy,wz
5.69,0.10,0.05,9.81,0.01,-0.02,0.03
timestamp,ax,ay,az,wx,wy,wz
5.70,0.10,0.05,9.81,0.01,-0.02,0.03
timestamp,ax,ay,az,wx,wy,wz
5.71,0.10,0.05,9.81,0.01,-0.02,0.03
timestamp,ax,ay,az,wx,wy,wz
5.72,0.10,0.05,9.81,0.01,-0.02,0.03
timestamp,ax,ay,az,wx,wy,wz
5.73,0.10,0.05,9.81,0.01,-0.02,0.03
timestamp,ax,ay,az,wx,wy,wz
5.74,0.10,0.05,9.81,0.01,-0.02,0.03
timestamp,ax,ay,az,wx,wy,wz
5.75,0.10,0.05,9.81,0.01,-0.02,0.03
timestamp,ax,ay,az,wx,wy,wz
5.76,0.10,0.05,9.81,0.01,-0.02,0.03
timestamp,ax,ay,az,wx,wy,wz
5.77,0.10,0.05,9.81,0.01,-0.02,0.03
timestamp,ax,ay,az,wx,wy,wz
5.78,0.10,0.05,9.81,0.01,-0.02,0.03
timestamp,ax,ay,az,wx,wy,wz
5.79,0.10,0.05,9.81,0.01,-0.02,0.03
timestamp,ax,ay,az,wx,wy,wz
5.80,0.10,0.05,9.81,0.01,-0.02,0.03
timestamp,ax,ay,az,wx,wy,wz
5.81,0.10,0.05,9.81,0.01,-0.02,0.03
timestamp,ax,ay,az,wx,wy,wz
5.82,0.10,0.05,9.81,0.01,-0.02,0.03
timestamp,ax,ay,az,wx,wy,wz
5.83,0.10,0.05,9.81,0.01,-0.02,0.03
timestamp,ax,ay,az,wx,wy,wz
5.84,0.10,0.05,9.81,0.01,-0.02,0.03
timestamp,ax,ay,az,wx,wy,wz
5.85,0.10,0.05,9.81,0.01,-0.02,0.03
timestamp,ax,ay,az,wx,wy,wz
5.86,0.10,0.05,9.81,0.01,-0.02,0.03
timestamp,ax,ay,az,wx,wy,wz
5.87,0.10,0.05,9.81,0.01,-0.02,0.03
timestamp,ax,ay,az,wx,wy,wz
5.88,0.10,0.05,9.81,0.01,-0.02,0.03
timestamp,ax,ay,az,wx,wy,wz
5.89,0.10,0.05,9.81,0.01,-0.02,0.03
timestamp,ax,ay,az,wx,wy,wz
5.90,0.10,0.05,9.81,0.01,-0.02,0.03
timestamp,ax,ay,az,wx,wy,wz
5.91,0.10,0.05,9.81,0.01,-0.02,0.03
timestamp,ax,ay,az,wx,wy,wz
5.92,0.10,0.05,9.81,0.01,-0.02,0.03
timestamp,ax,ay,az,wx,wy,wz
5.93,0.10,0.05,9.81,0.01,-0.02,0.03
timestamp,ax,ay,az,wx,wy,wz
5.94,0.10,0.05,9.81,0.01,-0.02,0.03
timestamp,ax,ay,az,wx,wy,wz
5.95,0.10,0.05,9.81,0.01,-0.02,0.03
timestamp,ax,ay,az,wx,wy,wz
5.96,0.10,0.05,9.81,0.01,-0.02,0.03
timestamp,ax,ay,az,wx,wy,wz
5.97,0.10,0.05,9.81,0.01,-0.02,0.03
timestamp,ax,ay,az,wx,wy,wz
5.98,0.10,0.05,9.81,0.01,-0.02,0.03
timestamp,ax,ay,az,wx,wy,wz
5.99,0.10,0.05,9.81,0.01,-0.02,0.03
timestamp,ax,ay,az,wx,wy,wz
6.00,0.10,0.05,9.81,0.01,-0.02,0.03
timestamp,ax,ay,az,wx,wy,wz
6.01,0.10,0.05,9.81,0.01,-0.02,0.03
timestamp,ax,ay,az,wx,wy,wz
6.02,0.10,0.05,9.81,0.01,-0.02,0.03
timestamp,ax,ay,az,wx,wy,wz
6.03,0.10,0.05,9.81,0.01,-0.02,0.03
timestamp,ax,ay,az,wx,wy,wz
6.04,0.10,0.05,9.81,0.01,-0.02,0.03
timestamp,ax,ay,az,wx,wy,wz
6.05,0.10,0.05,9.81,0.01,-0.02,0.03
timestamp,ax,ay,az,wx,wy,wz
6.06,0.10,0.05,9.81,0.01,-0.02,0.03
timestamp,ax,ay,az,wx,wy,wz
6.07,0.10,0.05,9.81,0.01,-0.02,0.03
timestamp,ax,ay,az,wx,wy,wz
6.08,0.10,0.05,9.81,0.01,-0.02,0.03
timestamp,ax,ay,az,wx,wy,wz
6.09,0.10,0.05,9.81,0.01,-0.02,0.03
timestamp,ax,ay,az,wx,wy,wz
6.10,0.10,0.05,9.81,0.01,-0.02,0.03
timestamp,ax,ay,az,wx,wy,wz
6.11,0.10,0.05,9.81,0.01,-0.02,0.03
timestamp,ax,ay,az,wx,wy,wz
6.12,0.10,0.05,9.81,0.01,-0.02,0.03
timestamp,ax,ay,az,wx,wy,wz
6.13,0.10,0.05,9.81,0.01,-0.02,0.03
timestamp,ax,ay,az,wx,wy,wz
6.14,0.10,0.05,9.81,0.01,-0.02,0.03
timestamp,ax,ay,az,wx,wy,wz
6.15,0.10,0.05,9.81,0.01,-0.02,0.03
timestamp,ax,ay,az,wx,wy,wz
6.16,0.10,0.05,9.81,0.01,-0.02,0.03
timestamp,ax,ay,az,wx,wy,wz
6.17,0.10,0.05,9.81,0.01,-0.02,0.03
timestamp,ax,ay,az,wx,wy,wz
6.18,0.10,0.05,9.81,0.01,-0.02,0.03
timestamp,ax,ay,az,wx,wy,wz
6.19,0.10,0.05,9.81,0.01,-0.02,0.03
timestamp,ax,ay,az,wx,wy,wz
6.20,0.10,0.05,9.81,0.01,-0.02,0.03
timestamp,ax,ay,az,wx,wy,wz
6.21,0.10,0.05,9.81,0.01,-0.02,0.03
timestamp,ax,ay,az,wx,wy,wz
6.22,0.10,0.05,9.81,0.01,-0.02,0.03
timestamp,ax,ay,az,wx,wy,wz
6.23,0.10,0.05,9.81,0.01,-0.02,0.03
timestamp,ax,ay,az,wx,wy,wz
6.24,0.10,0.05,9.81,0.01,-0.02,0.03
timestamp,ax,ay,az,wx,wy,wz
6.25,0.10,0.05,9.81,0.01,-0.02,0.03
timestamp,ax,ay,az,wx,wy,wz
6.26,0.10,0.05,9.81,0.01,-0.02,0.03
timestamp,ax,ay,az,wx,wy,wz
6.27,0.10,0.05,9.81,0.01,-0.02,0.03
timestamp,ax,ay,az,wx,wy,wz
6.28,0.10,0.05,9.81,0.01,-0.02,0.03
timestamp,ax,ay,az,wx,wy,wz
6.29,0.10,0.05,9.81,0.01,-0.02,0.03
timestamp,ax,ay,az,wx,wy,wz
6.30,0.10,0.05,9.81,0.01,-0.02,0.03
timestamp,ax,ay,az,wx,wy,wz
6.31,0.10,0.05,9.81,0.01,-0.02,0.03
timestamp,ax,ay,az,wx,wy,wz
6.32,0.10,0.05,9.81,0.01,-0.02,0.03
timestamp,ax,ay,az,wx,wy,wz
6.33,0.10,0.05,9.81,0.01,-0.02,0.03
timestamp,ax,ay,az,wx,wy,wz
6.34,0.10,0.05,9.81,0.01,-0.02,0.03
timestamp,ax,ay,az,wx,wy,wz
6.35,0.10,0.05,9.81,0.01,-0.02,0.03
timestamp,ax,ay,az,wx,wy,wz
6.36,0.10,0.05,9.81,0.01,-0.02,0.03
timestamp,ax,ay,az,wx,wy,wz
6.37,0.10,0.05,9.81,0.01,-0.02,0.03
timestamp,ax,ay,az,wx,wy,wz
6.38,0.10,0.05,9.81,0.01,-0.02,0.03
timestamp,ax,ay,az,wx,wy,wz
6.39,0.10,0.05,9.81,0.01,-0.02,0.03
timestamp,ax,ay,az,wx,wy,wz
6.40,0.10,0.05,9.81,0.01,-0.02,0.03
timestamp,ax,ay,az,wx,wy,wz
6.41,0.10,0.05,9.81,0.01,-0.02,0.03
timestamp,ax,ay,az,wx,wy,wz
6.42,0.10,0.05,9.81,0.01,-0.02,0.03
timestamp,ax,ay,az,wx,wy,wz
6.43,0.10,0.05,9.81,0.01,-0.02,0.03
timestamp,ax,ay,az,wx,wy,wz
6.44,0.10,0.05,9.81,0.01,-0.02,0.03
timestamp,ax,ay,az,wx,wy,wz
6.45,0.10,0.05,9.81,0.01,-0.02,0.03
timestamp,ax,ay,az,wx,wy,wz
6.46,0.10,0.05,9.81,0.01,-0.02,0.03
timestamp,ax,ay,az,wx,wy,wz
6.47,0.10,0.05,9.81,0.01,-0.02,0.03
timestamp,ax,ay,az,wx,wy,wz
6.48,0.10,0.05,9.81,0.01,-0.02,0.03
timestamp,ax,ay,az,wx,wy,wz
6.49,0.10,0.05,9.81,0.01,-0.02,0.03
timestamp,ax,ay,az,wx,wy,wz
6.50,0.10,0.05,9.81,0.01,-0.02,0.03
timestamp,ax,ay,az,wx,wy,wz
6.51,0.10,0.05,9.81,0.01,-0.02,0.03
timestamp,ax,ay,az,wx,wy,wz
6.52,0.10,0.05,9.81,0.01,-0.02,0.03
timestamp,ax,ay,az,wx,wy,wz
6.53,0.10,0.05,9.81,0.01,-0.02,0.03
timestamp,ax,ay,az,wx,wy,wz
6.54,0.10,0.05,9.81,0.01,-0.02,0.03
timestamp,ax,ay,az,wx,wy,wz
6.55,0.10,0.05,9.81,0.01,-0.02,0.03
timestamp,ax,ay,az,wx,wy,wz
6.56,0.10,0.05,9.81,0.01,-0.02,0.03
timestamp,ax,ay,az,wx,wy,wz
6.57,0.10,0.05,9.81,0.01,-0.02,0.03
timestamp,ax,ay,az,wx,wy,wz
6.58,0.10,0.05,9.81,0.01,-0.02,0.03
timestamp,ax,ay,az,wx,wy,wz
6.59,0.10,0.05,9.81,0.01,-0.02,0.03
timestamp,ax,ay,az,wx,wy,wz
6.60,0.10,0.05,9.81,0.01,-0.02,0.03
timestamp,ax,ay,az,wx,wy,wz
6.61,0.10,0.05,9.81,0.01,-0.02,0.03
timestamp,ax,ay,az,wx,wy,wz
6.62,0.10,0.05,9.81,0.01,-0.02,0.03
timestamp,ax,ay,az,wx,wy,wz
6.63,0.10,0.05,9.81,0.01,-0.02,0.03
timestamp,ax,ay,az,wx,wy,wz
6.64,0.10,0.05,9.81,0.01,-0.02,0.03
timestamp,ax,ay,az,wx,wy,wz
6.65,0.10,0.05,9.81,0.01,-0.02,0.03
timestamp,ax,ay,az,wx,wy,wz
6.66,0.10,0.05,9.81,0.01,-0.02,0.03
timestamp,ax,ay,az,wx,wy,wz
6.67,0.10,0.05,9.81,0.01,-0.02,0.03
timestamp,ax,ay,az,wx,wy,wz
6.68,0.10,0.05,9.81,0.01,-0.02,0.03
timestamp,ax,ay,az,wx,wy,wz
6.69,0.10,0.05,9.81,0.01,-0.02,0.03
timestamp,ax,ay,az,wx,wy,wz
6.70,0.10,0.05,9.81,0.01,-0.02,0.03
timestamp,ax,ay,az,wx,wy,wz
6.71,0.10,0.05,9.81,0.01,-0.02,0.03
timestamp,ax,ay,az,wx,wy,wz
6.72,0.10,0.05,9.81,0.01,-0.02,0.03
timestamp,ax,ay,az,wx,wy,wz
6.73,0.10,0.05,9.81,0.01,-0.02,0.03
timestamp,ax,ay,az,wx,wy,wz
6.74,0.10,0.05,9.81,0.01,-0.02,0.03
timestamp,ax,ay,az,wx,wy,wz
6.75,0.10,0.05,9.81,0.01,-0.02,0.03
timestamp,ax,ay,az,wx,wy,wz
6.76,0.10,0.05,9.81,0.01,-0.02,0.03
timestamp,ax,ay,az,wx,wy,wz
6.77,0.10,0.05,9.81,0.01,-0.02,0.03
timestamp,ax,ay,az,wx,wy,wz
6.78,0.10,0.05,9.81,0.01,-0.02,0.03
timestamp,ax,ay,az,wx,wy,wz
6.79,0.10,0.05,9.81,0.01,-0.02,0.03
timestamp,ax,ay,az,wx,wy,wz
6.80,0.10,0.05,9.81,0.01,-0.02,0.03
timestamp,ax,ay,az,wx,wy,wz
6.81,0.10,0.05,9.81,0.01,-0.02,0.03
timestamp,ax,ay,az,wx,wy,wz
6.82,0.10,0.05,9.81,0.01,-0.02,0.03
timestamp,ax,ay,az,wx,wy,wz
6.83,0.10,0.05,9.81,0.01,-0.02,0.03
timestamp,ax,ay,az,wx,wy,wz
6.84,0.10,0.05,9.81,0.01,-0.02,0.03
timestamp,ax,ay,az,wx,wy,wz
6.85,0.10,0.05,9.81,0.01,-0.02,0.03
timestamp,ax,ay,az,wx,wy,wz
6.86,0.10,0.05,9.81,0.01,-0.02,0.03
timestamp,ax,ay,az,wx,wy,wz
6.87,0.10,0.05,9.81,0.01,-0.02,0.03
timestamp,ax,ay,az,wx,wy,wz
6.88,0.10,0.05,9.81,0.01,-0.02,0.03
timestamp,ax,ay,az,wx,wy,wz
6.89,0.10,0.05,9.81,0.01,-0.02,0.03
timestamp,ax,ay,az,wx,wy,wz
6.90,0.10,0.05,9.81,0.01,-0.02,0.03
timestamp,ax,ay,az,wx,wy,wz
6.91,0.10,0.05,9.81,0.01,-0.02,0.03
timestamp,ax,ay,az,wx,wy,wz
6.92,0.10,0.05,9.81,0.01,-0.02,0.03
timestamp,ax,ay,az,wx,wy,wz
6.93,0.10,0.05,9.81,0.01,-0.02,0.03
timestamp,ax,ay,az,wx,wy,wz
6.94,0.10,0.05,9.81,0.01,-0.02,0.03
timestamp,ax,ay,az,wx,wy,wz
6.95,0.10,0.05,9.81,0.01,-0.02,0.03
timestamp,ax,ay,az,wx,wy,wz
6.96,0.10,0.05,9.81,0.01,-0.02,0.03
timestamp,ax,ay,az,wx,wy,wz
6.97,0.10,0.05,9.81,0.01,-0.02,0.03
timestamp,ax,ay,az,wx,wy,wz
6.98,0.10,0.05,9.81,0.01,-0.02,0.03
timestamp,ax,ay,az,wx,wy,wz
6.99,0.10,0.05,9.81,0.01,-0.02,0.03
timestamp,ax,ay,az,wx,wy,wz
7.00,0.10,0.05,9.81,0.01,-0.02,0.03
timestamp,ax,ay,az,wx,wy,wz
7.01,0.10,0.05,9.81,0.01,-0.02,0.03
timestamp,ax,ay,az,wx,wy,wz
7.02,0.10,0.05,9.81,0.01,-0.02,0.03
timestamp,ax,ay,az,wx,wy,wz
7.03,0.10,0.05,9.81,0.01,-0.02,0.03
timestamp,ax,ay,az,wx,wy,wz
7.04,0.10,0.05,9.81,0.01,-0.02,0.03
timestamp,ax,ay,az,wx,wy,wz
7.05,0.10,0.05,9.81,0.01,-0.02,0.03
timestamp,ax,ay,az,wx,wy,wz
7.06,0.10,0.05,9.81,0.01,-0.02,0.03
timestamp,ax,ay,az,wx,wy,wz
7.07,0.10,0.05,9.81,0.01,-0.02,0.03
timestamp,ax,ay,az,wx,wy,wz
7.08,0.10,0.05,9.81,0.01,-0.02,0.03
timestamp,ax,ay,az,wx,wy,wz
7.09,0.10,0.05,9.81,0.01,-0.02,0.03
timestamp,ax,ay,az,wx,wy,wz
7.10,0.10,0.05,9.81,0.01,-0.02,0.03
timestamp,ax,ay,az,wx,wy,wz
7.11,0.10,0.05,9.81,0.01,-0.02,0.03
timestamp,ax,ay,az,wx,wy,wz
7.12,0.10,0.05,9.81,0.01,-0.02,0.03
timestamp,ax,ay,az,wx,wy,wz
7.13,0.10,0.05,9.81,0.01,-0.02,0.03
timestamp,ax,ay,az,wx,wy,wz
7.14,0.10,0.05,9.81,0.01,-0.02,0.03
timestamp,ax,ay,az,wx,wy,wz
7.15,0.10,0.05,9.81,0.01,-0.02,0.03
timestamp,ax,ay,az,wx,wy,wz
7.16,0.10,0.05,9.81,0.01,-0.02,0.03
timestamp,ax,ay,az,wx,wy,wz
7.17,0.10,0.05,9.81,0.01,-0.02,0.03
timestamp,ax,ay,az,wx,wy,wz
7.18,0.10,0.05,9.81,0.01,-0.02,0.03
timestamp,ax,ay,az,wx,wy,wz
7.19,0.10,0.05,9.81,0.01,-0.02,0.03
timestamp,ax,ay,az,wx,wy,wz
7.20,0.10,0.05,9.81,0.01,-0.02,0.03
timestamp,ax,ay,az,wx,wy,wz
7.21,0.10,0.05,9.81,0.01,-0.02,0.03
timestamp,ax,ay,az,wx,wy,wz
7.22,0.10,0.05,9.81,0.01,-0.02,0.03
timestamp,ax,ay,az,wx,wy,wz
7.23,0.10,0.05,9.81,0.01,-0.02,0.03
timestamp,ax,ay,az,wx,wy,wz
7.24,0.10,0.05,9.81,0.01,-0.02,0.03
timestamp,ax,ay,az,wx,wy,wz
7.25,0.10,0.05,9.81,0.01,-0.02,0.03
timestamp,ax,ay,az,wx,wy,wz
7.26,0.10,0.05,9.81,0.01,-0.02,0.03
timestamp,ax,ay,az,wx,wy,wz
7.27,0.10,0.05,9.81,0.01,-0.02,0.03
timestamp,ax,ay,az,wx,wy,wz
7.28,0.10,0.05,9.81,0.01,-0.02,0.03
timestamp,ax,ay,az,wx,wy,wz
7.29,0.10,0.05,9.81,0.01,-0.02,0.03
timestamp,ax,ay,az,wx,wy,wz
7.30,0.10,0.05,9.81,0.01,-0.02,0.03
timestamp,ax,ay,az,wx,wy,wz
7.31,0.10,0.05,9.81,0.01,-0.02,0.03
timestamp,ax,ay,az,wx,wy,wz
7.32,0.10,0.05,9.81,0.01,-0.02,0.03
timestamp,ax,ay,az,wx,wy,wz
7.33,0.10,0.05,9.81,0.01,-0.02,0.03
timestamp,ax,ay,az,wx,wy,wz
7.34,0.10,0.05,9.81,0.01,-0.02,0.03
timestamp,ax,ay,az,wx,wy,wz
7.35,0.10,0.05,9.81,0.01,-0.02,0.03
timestamp,ax,ay,az,wx,wy,wz
7.36,0.10,0.05,9.81,0.01,-0.02,0.03
timestamp,ax,ay,az,wx,wy,wz
7.37,0.10,0.05,9.81,0.01,-0.02,0.03
timestamp,ax,ay,az,wx,wy,wz
7.38,0.10,0.05,9.81,0.01,-0.02,0.03
timestamp,ax,ay,az,wx,wy,wz
7.39,0.10,0.05,9.81,0.01,-0.02,0.03
timestamp,ax,ay,az,wx,wy,wz
7.40,0.10,0.05,9.81,0.01,-0.02,0.03
timestamp,ax,ay,az,wx,wy,wz
7.41,0.10,0.05,9.81,0.01,-0.02,0.03
timestamp,ax,ay,az,wx,wy,wz
7.42,0.10,0.05,9.81,0.01,-0.02,0.03
timestamp,ax,ay,az,wx,wy,wz
7.43,0.10,0.05,9.81,0.01,-0.02,0.03
timestamp,ax,ay,az,wx,wy,wz
7.44,0.10,0.05,9.81,0.01,-0.02,0.03
timestamp,ax,ay,az,wx,wy,wz
7.45,0.10,0.05,9.81,0.01,-0.02,0.03
timestamp,ax,ay,az,wx,wy,wz
7.46,0.10,0.05,9.81,0.01,-0.02,0.03
timestamp,ax,ay,az,wx,wy,wz
7.47,0.10,0.05,9.81,0.01,-0.02,0.03
timestamp,ax,ay,az,wx,wy,wz
7.48,0.10,0.05,9.81,0.01,-0.02,0.03
timestamp,ax,ay,az,wx,wy,wz
7.49,0.10,0.05,9.81,0.01,-0.02,0.03
timestamp,ax,ay,az,wx,wy,wz
7.50,0.10,0.05,9.81,0.01,-0.02,0.03
timestamp,ax,ay,az,wx,wy,wz
7.51,0.10,0.05,9.81,0.01,-0.02,0.03
timestamp,ax,ay,az,wx,wy,wz
7.52,0.10,0.05,9.81,0.01,-0.02,0.03
timestamp,ax,ay,az,wx,wy,wz
7.53,0.10,0.05,9.81,0.01,-0.02,0.03
timestamp,ax,ay,az,wx,wy,wz
7.54,0.10,0.05,9.81,0.01,-0.02,0.03
timestamp,ax,ay,az,wx,wy,wz
7.55,0.10,0.05,9.81,0.01,-0.02,0.03
timestamp,ax,ay,az,wx,wy,wz
7.56,0.10,0.05,9.81,0.01,-0.02,0.03
timestamp,ax,ay,az,wx,wy,wz
7.57,0.10,0.05,9.81,0.01,-0.02,0.03
timestamp,ax,ay,az,wx,wy,wz
7.58,0.10,0.05,9.81,0.01,-0.02,0.03
timestamp,ax,ay,az,wx,wy,wz
7.59,0.10,0.05,9.81,0.01,-0.02,0.03
timestamp,ax,ay,az,wx,wy,wz
7.60,0.10,0.05,9.81,0.01,-0.02,0.03
timestamp,ax,ay,az,wx,wy,wz
7.61,0.10,0.05,9.81,0.01,-0.02,0.03
timestamp,ax,ay,az,wx,wy,wz
7.62,0.10,0.05,9.81,0.01,-0.02,0.03
timestamp,ax,ay,az,wx,wy,wz
7.63,0.10,0.05,9.81,0.01,-0.02,0.03
timestamp,ax,ay,az,wx,wy,wz
7.64,0.10,0.05,9.81,0.01,-0.02,0.03
timestamp,ax,ay,az,wx,wy,wz
7.65,0.10,0.05,9.81,0.01,-0.02,0.03
timestamp,ax,ay,az,wx,wy,wz
7.66,0.10,0.05,9.81,0.01,-0.02,0.03
timestamp,ax,ay,az,wx,wy,wz
7.67,0.10,0.05,9.81,0.01,-0.02,0.03
timestamp,ax,ay,az,wx,wy,wz
7.68,0.10,0.05,9.81,0.01,-0.02,0.03
timestamp,ax,ay,az,wx,wy,wz
7.69,0.10,0.05,9.81,0.01,-0.02,0.03
timestamp,ax,ay,az,wx,wy,wz
7.70,0.10,0.05,9.81,0.01,-0.02,0.03
timestamp,ax,ay,az,wx,wy,wz
7.71,0.10,0.05,9.81,0.01,-0.02,0.03
timestamp,ax,ay,az,wx,wy,wz
7.72,0.10,0.05,9.81,0.01,-0.02,0.03
timestamp,ax,ay,az,wx,wy,wz
7.73,0.10,0.05,9.81,0.01,-0.02,0.03
timestamp,ax,ay,az,wx,wy,wz
7.74,0.10,0.05,9.81,0.01,-0.02,0.03
timestamp,ax,ay,az,wx,wy,wz
7.75,0.10,0.05,9.81,0.01,-0.02,0.03
timestamp,ax,ay,az,wx,wy,wz
7.76,0.10,0.05,9.81,0.01,-0.02,0.03
timestamp,ax,ay,az,wx,wy,wz
7.77,0.10,0.05,9.81,0.01,-0.02,0.03
timestamp,ax,ay,az,wx,wy,wz
7.78,0.10,0.05,9.81,0.01,-0.02,0.03
timestamp,ax,ay,az,wx,wy,wz
7.79,0.10,0.05,9.81,0.01,-0.02,0.03
timestamp,ax,ay,az,wx,wy,wz
7.80,0.10,0.05,9.81,0.01,-0.02,0.03
timestamp,ax,ay,az,wx,wy,wz
7.81,0.10,0.05,9.81,0.01,-0.02,0.03
timestamp,ax,ay,az,wx,wy,wz
7.82,0.10,0.05,9.81,0.01,-0.02,0.03
timestamp,ax,ay,az,wx,wy,wz
7.83,0.10,0.05,9.81,0.01,-0.02,0.03
timestamp,ax,ay,az,wx,wy,wz
7.84,0.10,0.05,9.81,0.01,-0.02,0.03
timestamp,ax,ay,az,wx,wy,wz
7.85,0.10,0.05,9.81,0.01,-0.02,0.03
timestamp,ax,ay,az,wx,wy,wz
7.86,0.10,0.05,9.81,0.01,-0.02,0.03
timestamp,ax,ay,az,wx,wy,wz
7.87,0.10,0.05,9.81,0.01,-0.02,0.03
timestamp,ax,ay,az,wx,wy,wz
7.88,0.10,0.05,9.81,0.01,-0.02,0.03
timestamp,ax,ay,az,wx,wy,wz
7.89,0.10,0.05,9.81,0.01,-0.02,0.03
timestamp,ax,ay,az,wx,wy,wz
7.90,0.10,0.05,9.81,0.01,-0.02,0.03
timestamp,ax,ay,az,wx,wy,wz
7.91,0.10,0.05,9.81,0.01,-0.02,0.03
timestamp,ax,ay,az,wx,wy,wz
7.92,0.10,0.05,9.81,0.01,-0.02,0.03
timestamp,ax,ay,az,wx,wy,wz
7.93,0.10,0.05,9.81,0.01,-0.02,0.03
timestamp,ax,ay,az,wx,wy,wz
7.94,0.10,0.05,9.81,0.01,-0.02,0.03
timestamp,ax,ay,az,wx,wy,wz
7.95,0.10,0.05,9.81,0.01,-0.02,0.03
timestamp,ax,ay,az,wx,wy,wz
7.96,0.10,0.05,9.81,0.01,-0.02,0.03
timestamp,ax,ay,az,wx,wy,wz
7.97,0.10,0.05,9.81,0.01,-0.02,0.03
timestamp,ax,ay,az,wx,wy,wz
7.98,0.10,0.05,9.81,0.01,-0.02,0.03
timestamp,ax,ay,az,wx,wy,wz
7.99,0.10,0.05,9.81,0.01,-0.02,0.03
timestamp,ax,ay,az,wx,wy,wz
8.00,0.10,0.05,9.81,0.01,-0.02,0.03
timestamp,ax,ay,az,wx,wy,wz
8.01,0.10,0.05,9.81,0.01,-0.02,0.03
timestamp,ax,ay,az,wx,wy,wz
8.02,0.10,0.05,9.81,0.01,-0.02,0.03
timestamp,ax,ay,az,wx,wy,wz
8.03,0.10,0.05,9.81,0.01,-0.02,0.03
timestamp,ax,ay,az,wx,wy,wz
8.04,0.10,0.05,9.81,0.01,-0.02,0.03
timestamp,ax,ay,az,wx,wy,wz
8.05,0.10,0.05,9.81,0.01,-0.02,0.03
timestamp,ax,ay,az,wx,wy,wz
8.06,0.10,0.05,9.81,0.01,-0.02,0.03
timestamp,ax,ay,az,wx,wy,wz
8.07,0.10,0.05,9.81,0.01,-0.02,0.03
timestamp,ax,ay,az,wx,wy,wz
8.08,0.10,0.05,9.81,0.01,-0.02,0.03
timestamp,ax,ay,az,wx,wy,wz
8.09,0.10,0.05,9.81,0.01,-0.02,0.03
timestamp,ax,ay,az,wx,wy,wz
8.10,0.10,0.05,9.81,0.01,-0.02,0.03
timestamp,ax,ay,az,wx,wy,wz
8.11,0.10,0.05,9.81,0.01,-0.02,0.03
timestamp,ax,ay,az,wx,wy,wz
8.12,0.10,0.05,9.81,0.01,-0.02,0.03
timestamp,ax,ay,az,wx,wy,wz
8.13,0.10,0.05,9.81,0.01,-0.02,0.03
timestamp,ax,ay,az,wx,wy,wz
8.14,0.10,0.05,9.81,0.01,-0.02,0.03
timestamp,ax,ay,az,wx,wy,wz
8.15,0.10,0.05,9.81,0.01,-0.02,0.03
timestamp,ax,ay,az,wx,wy,wz
8.16,0.10,0.05,9.81,0.01,-0.02,0.03
timestamp,ax,ay,az,wx,wy,wz
8.17,0.10,0.05,9.81,0.01,-0.02,0.03
timestamp,ax,ay,az,wx,wy,wz
8.18,0.10,0.05,9.81,0.01,-0.02,0.03
timestamp,ax,ay,az,wx,wy,wz
8.19,0.10,0.05,9.81,0.01,-0.02,0.03
timestamp,ax,ay,az,wx,wy,wz
8.20,0.10,0.05,9.81,0.01,-0.02,0.03
timestamp,ax,ay,az,wx,wy,wz
8.21,0.10,0.05,9.81,0.01,-0.02,0.03
timestamp,ax,ay,az,wx,wy,wz
8.22,0.10,0.05,9.81,0.01,-0.02,0.03
timestamp,ax,ay,az,wx,wy,wz
8.23,0.10,0.05,9.81,0.01,-0.02,0.03
timestamp,ax,ay,az,wx,wy,wz
8.24,0.10,0.05,9.81,0.01,-0.02,0.03
timestamp,ax,ay,az,wx,wy,wz
8.25,0.10,0.05,9.81,0.01,-0.02,0.03
timestamp,ax,ay,az,wx,wy,wz
8.26,0.10,0.05,9.81,0.01,-0.02,0.03
timestamp,ax,ay,az,wx,wy,wz
8.27,0.10,0.05,9.81,0.01,-0.02,0.03
timestamp,ax,ay,az,wx,wy,wz
8.28,0.10,0.05,9.81,0.01,-0.02,0.03
timestamp,ax,ay,az,wx,wy,wz
8.29,0.10,0.05,9.81,0.01,-0.02,0.03
timestamp,ax,ay,az,wx,wy,wz
8.30,0.10,0.05,9.81,0.01,-0.02,0.03
timestamp,ax,ay,az,wx,wy,wz
8.31,0.10,0.05,9.81,0.01,-0.02,0.03
timestamp,ax,ay,az,wx,wy,wz
8.32,0.10,0.05,9.81,0.01,-0.02,0.03
timestamp,ax,ay,az,wx,wy,wz
8.33,0.10,0.05,9.81,0.01,-0.02,0.03
timestamp,ax,ay,az,wx,wy,wz
8.34,0.10,0.05,9.81,0.01,-0.02,0.03
timestamp,ax,ay,az,wx,wy,wz
8.35,0.10,0.05,9.81,0.01,-0.02,0.03
timestamp,ax,ay,az,wx,wy,wz
8.36,0.10,0.05,9.81,0.01,-0.02,0.03
timestamp,ax,ay,az,wx,wy,wz
8.37,0.10,0.05,9.81,0.01,-0.02,0.03
timestamp,ax,ay,az,wx,wy,wz
8.38,0.10,0.05,9.81,0.01,-0.02,0.03
timestamp,ax,ay,az,wx,wy,wz
8.39,0.10,0.05,9.81,0.01,-0.02,0.03
timestamp,ax,ay,az,wx,wy,wz
8.40,0.10,0.05,9.81,0.01,-0.02,0.03
timestamp,ax,ay,az,wx,wy,wz
8.41,0.10,0.05,9.81,0.01,-0.02,0.03
timestamp,ax,ay,az,wx,wy,wz
8.42,0.10,0.05,9.81,0.01,-0.02,0.03
timestamp,ax,ay,az,wx,wy,wz
8.43,0.10,0.05,9.81,0.01,-0.02,0.03
timestamp,ax,ay,az,wx,wy,wz
8.44,0.10,0.05,9.81,0.01,-0.02,0.03
timestamp,ax,ay,az,wx,wy,wz
8.45,0.10,0.05,9.81,0.01,-0.02,0.03
timestamp,ax,ay,az,wx,wy,wz
8.46,0.10,0.05,9.81,0.01,-0.02,0.03
timestamp,ax,ay,az,wx,wy,wz
8.47,0.10,0.05,9.81,0.01,-0.02,0.03
timestamp,ax,ay,az,wx,wy,wz
8.48,0.10,0.05,9.81,0.01,-0.02,0.03
timestamp,ax,ay,az,wx,wy,wz
8.49,0.10,0.05,9.81,0.01,-0.02,0.03
timestamp,ax,ay,az,wx,wy,wz
8.50,0.10,0.05,9.81,0.01,-0.02,0.03
timestamp,ax,ay,az,wx,wy,wz
8.51,0.10,0.05,9.81,0.01,-0.02,0.03
timestamp,ax,ay,az,wx,wy,wz
8.52,0.10,0.05,9.81,0.01,-0.02,0.03
timestamp,ax,ay,az,wx,wy,wz
8.53,0.10,0.05,9.81,0.01,-0.02,0.03
timestamp,ax,ay,az,wx,wy,wz
8.54,0.10,0.05,9.81,0.01,-0.02,0.03
timestamp,ax,ay,az,wx,wy,wz
8.55,0.10,0.05,9.81,0.01,-0.02,0.03
timestamp,ax,ay,az,wx,wy,wz
8.56,0.10,0.05,9.81,0.01,-0.02,0.03
timestamp,ax,ay,az,wx,wy,wz
8.57,0.10,0.05,9.81,0.01,-0.02,0.03
timestamp,ax,ay,az,wx,wy,wz
8.58,0.10,0.05,9.81,0.01,-0.02,0.03
timestamp,ax,ay,az,wx,wy,wz
8.59,0.10,0.05,9.81,0.01,-0.02,0.03
timestamp,ax,ay,az,wx,wy,wz
8.60,0.10,0.05,9.81,0.01,-0.02,0.03
timestamp,ax,ay,az,wx,wy,wz
8.61,0.10,0.05,9.81,0.01,-0.02,0.03
timestamp,ax,ay,az,wx,wy,wz
8.62,0.10,0.05,9.81,0.01,-0.02,0.03
timestamp,ax,ay,az,wx,wy,wz
8.63,0.10,0.05,9.81,0.01,-0.02,0.03
timestamp,ax,ay,az,wx,wy,wz
8.64,0.10,0.05,9.81,0.01,-0.02,0.03
timestamp,ax,ay,az,wx,wy,wz
8.65,0.10,0.05,9.81,0.01,-0.02,0.03
timestamp,ax,ay,az,wx,wy,wz
8.66,0.10,0.05,9.81,0.01,-0.02,0.03
timestamp,ax,ay,az,wx,wy,wz
8.67,0.10,0.05,9.81,0.01,-0.02,0.03
timestamp,ax,ay,az,wx,wy,wz
8.68,0.10,0.05,9.81,0.01,-0.02,0.03
timestamp,ax,ay,az,wx,wy,wz
8.69,0.10,0.05,9.81,0.01,-0.02,0.03
timestamp,ax,ay,az,wx,wy,wz
8.70,0.10,0.05,9.81,0.01,-0.02,0.03
timestamp,ax,ay,az,wx,wy,wz
8.71,0.10,0.05,9.81,0.01,-0.02,0.03
timestamp,ax,ay,az,wx,wy,wz
8.72,0.10,0.05,9.81,0.01,-0.02,0.03
timestamp,ax,ay,az,wx,wy,wz
8.73,0.10,0.05,9.81,0.01,-0.02,0.03
timestamp,ax,ay,az,wx,wy,wz
8.74,0.10,0.05,9.81,0.01,-0.02,0.03
timestamp,ax,ay,az,wx,wy,wz
8.75,0.10,0.05,9.81,0.01,-0.02,0.03
timestamp,ax,ay,az,wx,wy,wz
8.76,0.10,0.05,9.81,0.01,-0.02,0.03
timestamp,ax,ay,az,wx,wy,wz
8.77,0.10,0.05,9.81,0.01,-0.02,0.03
timestamp,ax,ay,az,wx,wy,wz
8.78,0.10,0.05,9.81,0.01,-0.02,0.03
timestamp,ax,ay,az,wx,wy,wz
8.79,0.10,0.05,9.81,0.01,-0.02,0.03
timestamp,ax,ay,az,wx,wy,wz
8.80,0.10,0.05,9.81,0.01,-0.02,0.03
timestamp,ax,ay,az,wx,wy,wz
8.81,0.10,0.05,9.81,0.01,-0.02,0.03
timestamp,ax,ay,az,wx,wy,wz
8.82,0.10,0.05,9.81,0.01,-0.02,0.03
timestamp,ax,ay,az,wx,wy,wz
8.83,0.10,0.05,9.81,0.01,-0.02,0.03
timestamp,ax,ay,az,wx,wy,wz
8.84,0.10,0.05,9.81,0.01,-0.02,0.03
timestamp,ax,ay,az,wx,wy,wz
8.85,0.10,0.05,9.81,0.01,-0.02,0.03
timestamp,ax,ay,az,wx,wy,wz
8.86,0.10,0.05,9.81,0.01,-0.02,0.03
timestamp,ax,ay,az,wx,wy,wz
8.87,0.10,0.05,9.81,0.01,-0.02,0.03
timestamp,ax,ay,az,wx,wy,wz
8.88,0.10,0.05,9.81,0.01,-0.02,0.03
timestamp,ax,ay,az,wx,wy,wz
8.89,0.10,0.05,9.81,0.01,-0.02,0.03
timestamp,ax,ay,az,wx,wy,wz
8.90,0.10,0.05,9.81,0.01,-0.02,0.03
timestamp,ax,ay,az,wx,wy,wz
8.91,0.10,0.05,9.81,0.01,-0.02,0.03
timestamp,ax,ay,az,wx,wy,wz
8.92,0.10,0.05,9.81,0.01,-0.02,0.03
timestamp,ax,ay,az,wx,wy,wz
8.93,0.10,0.05,9.81,0.01,-0.02,0.03
timestamp,ax,ay,az,wx,wy,wz
8.94,0.10,0.05,9.81,0.01,-0.02,0.03
timestamp,ax,ay,az,wx,wy,wz
8.95,0.10,0.05,9.81,0.01,-0.02,0.03
timestamp,ax,ay,az,wx,wy,wz
8.96,0.10,0.05,9.81,0.01,-0.02,0.03
timestamp,ax,ay,az,wx,wy,wz
8.97,0.10,0.05,9.81,0.01,-0.02,0.03
timestamp,ax,ay,az,wx,wy,wz
8.98,0.10,0.05,9.81,0.01,-0.02,0.03
timestamp,ax,ay,az,wx,wy,wz
8.99,0.10,0.05,9.81,0.01,-0.02,0.03
timestamp,ax,ay,az,wx,wy,wz
9.00,0.10,0.05,9.81,0.01,-0.02,0.03
timestamp,ax,ay,az,wx,wy,wz
9.01,0.10,0.05,9.81,0.01,-0.02,0.03
timestamp,ax,ay,az,wx,wy,wz
9.02,0.10,0.05,9.81,0.01,-0.02,0.03
timestamp,ax,ay,az,wx,wy,wz
9.03,0.10,0.05,9.81,0.01,-0.02,0.03
timestamp,ax,ay,az,wx,wy,wz
9.04,0.10,0.05,9.81,0.01,-0.02,0.03
timestamp,ax,ay,az,wx,wy,wz
9.05,0.10,0.05,9.81,0.01,-0.02,0.03
timestamp,ax,ay,az,wx,wy,wz
9.06,0.10,0.05,9.81,0.01,-0.02,0.03
timestamp,ax,ay,az,wx,wy,wz
9.07,0.10,0.05,9.81,0.01,-0.02,0.03
timestamp,ax,ay,az,wx,wy,wz
9.08,0.10,0.05,9.81,0.01,-0.02,0.03
timestamp,ax,ay,az,wx,wy,wz
9.09,0.10,0.05,9.81,0.01,-0.02,0.03
timestamp,ax,ay,az,wx,wy,wz
9.10,0.10,0.05,9.81,0.01,-0.02,0.03
timestamp,ax,ay,az,wx,wy,wz
9.11,0.10,0.05,9.81,0.01,-0.02,0.03
timestamp,ax,ay,az,wx,wy,wz
9.12,0.10,0.05,9.81,0.01,-0.02,0.03
timestamp,ax,ay,az,wx,wy,wz
9.13,0.10,0.05,9.81,0.01,-0.02,0.03
timestamp,ax,ay,az,wx,wy,wz
9.14,0.10,0.05,9.81,0.01,-0.02,0.03
timestamp,ax,ay,az,wx,wy,wz
9.15,0.10,0.05,9.81,0.01,-0.02,0.03
timestamp,ax,ay,az,wx,wy,wz
9.16,0.10,0.05,9.81,0.01,-0.02,0.03
timestamp,ax,ay,az,wx,wy,wz
9.17,0.10,0.05,9.81,0.01,-0.02,0.03
timestamp,ax,ay,az,wx,wy,wz
9.18,0.10,0.05,9.81,0.01,-0.02,0.03
timestamp,ax,ay,az,wx,wy,wz
9.19,0.10,0.05,9.81,0.01,-0.02,0.03
timestamp,ax,ay,az,wx,wy,wz
9.20,0.10,0.05,9.81,0.01,-0.02,0.03
timestamp,ax,ay,az,wx,wy,wz
9.21,0.10,0.05,9.81,0.01,-0.02,0.03
timestamp,ax,ay,az,wx,wy,wz
9.22,0.10,0.05,9.81,0.01,-0.02,0.03
timestamp,ax,ay,az,wx,wy,wz
9.23,0.10,0.05,9.81,0.01,-0.02,0.03
timestamp,ax,ay,az,wx,wy,wz
9.24,0.10,0.05,9.81,0.01,-0.02,0.03
timestamp,ax,ay,az,wx,wy,wz
9.25,0.10,0.05,9.81,0.01,-0.02,0.03
timestamp,ax,ay,az,wx,wy,wz
9.26,0.10,0.05,9.81,0.01,-0.02,0.03
timestamp,ax,ay,az,wx,wy,wz
9.27,0.10,0.05,9.81,0.01,-0.02,0.03
timestamp,ax,ay,az,wx,wy,wz
9.28,0.10,0.05,9.81,0.01,-0.02,0.03
timestamp,ax,ay,az,wx,wy,wz
9.29,0.10,0.05,9.81,0.01,-0.02,0.03
timestamp,ax,ay,az,wx,wy,wz
9.30,0.10,0.05,9.81,0.01,-0.02,0.03
timestamp,ax,ay,az,wx,wy,wz
9.31,0.10,0.05,9.81,0.01,-0.02,0.03
timestamp,ax,ay,az,wx,wy,wz
9.32,0.10,0.05,9.81,0.01,-0.02,0.03
timestamp,ax,ay,az,wx,wy,wz
9.33,0.10,0.05,9.81,0.01,-0.02,0.03
timestamp,ax,ay,az,wx,wy,wz
9.34,0.10,0.05,9.81,0.01,-0.02,0.03
timestamp,ax,ay,az,wx,wy,wz
9.35,0.10,0.05,9.81,0.01,-0.02,0.03
timestamp,ax,ay,az,wx,wy,wz
9.36,0.10,0.05,9.81,0.01,-0.02,0.03
timestamp,ax,ay,az,wx,wy,wz
9.37,0.10,0.05,9.81,0.01,-0.02,0.03
timestamp,ax,ay,az,wx,wy,wz
9.38,0.10,0.05,9.81,0.01,-0.02,0.03
timestamp,ax,ay,az,wx,wy,wz
9.39,0.10,0.05,9.81,0.01,-0.02,0.03
timestamp,ax,ay,az,wx,wy,wz
9.40,0.10,0.05,9.81,0.01,-0.02,0.03
timestamp,ax,ay,az,wx,wy,wz
9.41,0.10,0.05,9.81,0.01,-0.02,0.03
timestamp,ax,ay,az,wx,wy,wz
9.42,0.10,0.05,9.81,0.01,-0.02,0.03
timestamp,ax,ay,az,wx,wy,wz
9.43,0.10,0.05,9.81,0.01,-0.02,0.03
timestamp,ax,ay,az,wx,wy,wz
9.44,0.10,0.05,9.81,0.01,-0.02,0.03
timestamp,ax,ay,az,wx,wy,wz
9.45,0.10,0.05,9.81,0.01,-0.02,0.03
timestamp,ax,ay,az,wx,wy,wz
9.46,0.10,0.05,9.81,0.01,-0.02,0.03
timestamp,ax,ay,az,wx,wy,wz
9.47,0.10,0.05,9.81,0.01,-0.02,0.03
timestamp,ax,ay,az,wx,wy,wz
9.48,0.10,0.05,9.81,0.01,-0.02,0.03
timestamp,ax,ay,az,wx,wy,wz
9.49,0.10,0.05,9.81,0.01,-0.02,0.03
timestamp,ax,ay,az,wx,wy,wz
9.50,0.10,0.05,9.81,0.01,-0.02,0.03
timestamp,ax,ay,az,wx,wy,wz
9.51,0.10,0.05,9.81,0.01,-0.02,0.03
timestamp,ax,ay,az,wx,wy,wz
9.52,0.10,0.05,9.81,0.01,-0.02,0.03
timestamp,ax,ay,az,wx,wy,wz
9.53,0.10,0.05,9.81,0.01,-0.02,0.03
timestamp,ax,ay,az,wx,wy,wz
9.54,0.10,0.05,9.81,0.01,-0.02,0.03
timestamp,ax,ay,az,wx,wy,wz
9.55,0.10,0.05,9.81,0.01,-0.02,0.03
timestamp,ax,ay,az,wx,wy,wz
9.56,0.10,0.05,9.81,0.01,-0.02,0.03
timestamp,ax,ay,az,wx,wy,wz
9.57,0.10,0.05,9.81,0.01,-0.02,0.03
timestamp,ax,ay,az,wx,wy,wz
9.58,0.10,0.05,9.81,0.01,-0.02,0.03
timestamp,ax,ay,az,wx,wy,wz
9.59,0.10,0.05,9.81,0.01,-0.02,0.03
timestamp,ax,ay,az,wx,wy,wz
9.60,0.10,0.05,9.81,0.01,-0.02,0.03
timestamp,ax,ay,az,wx,wy,wz
9.61,0.10,0.05,9.81,0.01,-0.02,0.03
timestamp,ax,ay,az,wx,wy,wz
9.62,0.10,0.05,9.81,0.01,-0.02,0.03
timestamp,ax,ay,az,wx,wy,wz
9.63,0.10,0.05,9.81,0.01,-0.02,0.03
timestamp,ax,ay,az,wx,wy,wz
9.64,0.10,0.05,9.81,0.01,-0.02,0.03
timestamp,ax,ay,az,wx,wy,wz
9.65,0.10,0.05,9.81,0.01,-0.02,0.03
timestamp,ax,ay,az,wx,wy,wz
9.66,0.10,0.05,9.81,0.01,-0.02,0.03
timestamp,ax,ay,az,wx,wy,wz
9.67,0.10,0.05,9.81,0.01,-0.02,0.03
timestamp,ax,ay,az,wx,wy,wz
9.68,0.10,0.05,9.81,0.01,-0.02,0.03
timestamp,ax,ay,az,wx,wy,wz
9.69,0.10,0.05,9.81,0.01,-0.02,0.03
timestamp,ax,ay,az,wx,wy,wz
9.70,0.10,0.05,9.81,0.01,-0.02,0.03
timestamp,ax,ay,az,wx,wy,wz
9.71,0.10,0.05,9.81,0.01,-0.02,0.03
timestamp,ax,ay,az,wx,wy,wz
9.72,0.10,0.05,9.81,0.01,-0.02,0.03
timestamp,ax,ay,az,wx,wy,wz
9.73,0.10,0.05,9.81,0.01,-0.02,0.03
timestamp,ax,ay,az,wx,wy,wz
9.74,0.10,0.05,9.81,0.01,-0.02,0.03
timestamp,ax,ay,az,wx,wy,wz
9.75,0.10,0.05,9.81,0.01,-0.02,0.03
timestamp,ax,ay,az,wx,wy,wz
9.76,0.10,0.05,9.81,0.01,-0.02,0.03
timestamp,ax,ay,az,wx,wy,wz
9.77,0.10,0.05,9.81,0.01,-0.02,0.03
timestamp,ax,ay,az,wx,wy,wz
9.78,0.10,0.05,9.81,0.01,-0.02,0.03
timestamp,ax,ay,az,wx,wy,wz
9.79,0.10,0.05,9.81,0.01,-0.02,0.03
timestamp,ax,ay,az,wx,wy,wz
9.80,0.10,0.05,9.81,0.01,-0.02,0.03
timestamp,ax,ay,az,wx,wy,wz
9.81,0.10,0.05,9.81,0.01,-0.02,0.03
timestamp,ax,ay,az,wx,wy,wz
9.82,0.10,0.05,9.81,0.01,-0.02,0.03
timestamp,ax,ay,az,wx,wy,wz
9.83,0.10,0.05,9.81,0.01,-0.02,0.03
timestamp,ax,ay,az,wx,wy,wz
9.84,0.10,0.05,9.81,0.01,-0.02,0.03
timestamp,ax,ay,az,wx,wy,wz
9.85,0.10,0.05,9.81,0.01,-0.02,0.03
timestamp,ax,ay,az,wx,wy,wz
9.86,0.10,0.05,9.81,0.01,-0.02,0.03
timestamp,ax,ay,az,wx,wy,wz
9.87,0.10,0.05,9.81,0.01,-0.02,0.03
timestamp,ax,ay,az,wx,wy,wz
9.88,0.10,0.05,9.81,0.01,-0.02,0.03
timestamp,ax,ay,az,wx,wy,wz
9.89,0.10,0.05,9.81,0.01,-0.02,0.03
timestamp,ax,ay,az,wx,wy,wz
9.90,0.10,0.05,9.81,0.01,-0.02,0.03
timestamp,ax,ay,az,wx,wy,wz
9.91,0.10,0.05,9.81,0.01,-0.02,0.03
timestamp,ax,ay,az,wx,wy,wz
9.92,0.10,0.05,9.81,0.01,-0.02,0.03
timestamp,ax,ay,az,wx,wy,wz
9.93,0.10,0.05,9.81,0.01,-0.02,0.03
timestamp,ax,ay,az,wx,wy,wz
9.94,0.10,0.05,9.81,0.01,-0.02,0.03
timestamp,ax,ay,az,wx,wy,wz
9.95,0.10,0.05,9.81,0.01,-0.02,0.03
timestamp,ax,ay,az,wx,wy,wz
9.96,0.10,0.05,9.81,0.01,-0.02,0.03
timestamp,ax,ay,az,wx,wy,wz
9.97,0.10,0.05,9.81,0.01,-0.02,0.03
timestamp,ax,ay,az,wx,wy,wz
9.98,0.10,0.05,9.81,0.01,-0.02,0.03
timestamp,ax,ay,az,wx,wy,wz
9.99,0.10,0.05,9.81,0.01,-0.02,0.03
